"timestamp.America.New_York.","score","temp..F.","humid","co2","voc","pm25","noise","light"
"2024-02-01 15:15:00",90.4,72.3,28.4,400,20,5.3,56.5,353.2
"2024-02-01 15:20:00",91.2,72.1,27.8,400,20,4.9,55.8,181.5
"2024-02-01 15:25:00",91,72,27.4,400,20,4.7,58.8,239.2
"2024-02-01 15:30:00",90.8,72.2,27.2,400,20,4.7,57.8,241.2
"2024-02-01 15:35:00",90.7,72.4,27.2,400,20,4.7,56.3,242.8
"2024-02-01 15:40:00",90.2,72.8,27,400,20,4.7,55.9,248.4
"2024-02-01 15:45:00",90.5,72.2,27.2,400,20,4.9,55.6,218.8
"2024-02-01 15:50:00",91,71.7,27.4,400,20,5.2,54.4,218.7
"2024-02-01 15:55:00",91,71.7,27.4,400,20,5.3,54.5,218.5
"2024-02-01 16:00:00",91,71.4,27.6,400,20,5.2,55.3,218.3
"2024-02-01 16:05:00",91,71.4,27.6,400,20.1,5,56.1,218.2
"2024-02-01 16:10:00",91,71.3,27.7,400,20.5,5.3,55.9,217.7
"2024-02-01 16:15:00",91,71.3,27.6,400,21.8,5.3,55.5,217.1
"2024-02-01 16:20:00",91,71.5,27.6,400,23.2,5.2,55.3,216.8
"2024-02-01 16:25:00",90.4,72.6,27.7,454.5,38.8,4.5,61.9,154.5
"2024-02-01 16:30:00",85.2,76.8,23.9,454.8,46.8,7,68.8,0.1
"2024-02-01 16:35:00",86.7,76.7,24.4,402.3,53.7,5.1,56.2,75.7
"2024-02-01 16:40:00",86.9,76.5,24.7,414.3,47.2,6.3,61.5,99.8
"2024-02-01 16:45:00",86.5,74.4,24.4,400,37.8,5.1,62.1,10
"2024-02-01 16:50:00",88.7,73.8,25.7,456.8,42.5,1.8,51.4,0
"2024-02-01 16:55:00",88.9,73.2,26,458.9,43.7,3.7,56.5,6.5
"2024-02-01 17:00:00",91.7,68.8,30.2,432.1,56.9,7.5,70.9,16.4
"2024-02-01 17:05:00",92.2,71.2,29.6,471.4,73.8,3.1,56,20.5
"2024-02-01 17:10:00",91.9,71.5,28.8,458.8,58.6,4.4,55.9,15.7
"2024-02-01 17:15:00",90.4,69.1,29.7,473.6,51.6,9.9,68,0.4
"2024-02-01 17:20:00",92.4,69.2,30.1,465.6,56.9,6.3,55.8,7.6
"2024-02-01 17:25:00",91.7,70.2,29,461.6,48,5.6,59.4,26
"2024-02-06 19:10:00",78,72.4,22.1,453.9,434.5,14,56.9,32.4
"2024-02-06 19:15:00",72.3,70.9,17.5,488.3,20.3,15.8,53.3,62.6
"2024-02-07 08:00:00",76,66.5,18.7,400,96.3,1.8,49.9,58.5
"2024-02-07 08:05:00",75.9,66.2,18.9,400,94.4,1.8,50.1,62.5
"2024-02-07 08:10:00",76,66.7,18.8,400,102,1.5,49.8,66.3
"2024-02-07 08:15:00",76.3,67.1,18.7,400,107.4,1.5,49.7,69.8
"2024-02-07 08:35:00",76,66.8,18.6,400,91.7,1.8,49.7,82.6
"2024-02-07 08:40:00",76,66.2,18.9,400,93.3,1.8,50,85.2
"2024-02-07 08:45:00",76,66.5,18.9,400,99.1,1.8,49.9,87.3
"2024-02-07 08:50:00",75.9,67.1,18.7,400,103.6,4.4,52.8,85.8
"2024-02-07 08:55:00",76.4,67.5,18.6,400,105,6.9,61.2,91.7
"2024-02-07 09:00:00",77,67.4,18.8,400,111.9,2.8,60.3,103.2
"2024-02-07 09:05:00",77,67.3,18.8,400,107.8,2.4,49.9,175
"2024-02-07 09:10:00",76.4,66.9,18.8,400,96,1.8,49.8,174.8
"2024-02-07 09:15:00",76,66.4,19.1,400,94.4,1.8,49.8,174.6
"2024-02-07 09:20:00",76.2,66.5,19.1,400,100.5,1.9,49.7,175.4
"2024-02-07 09:30:00",77,67.7,18.7,400,107.2,1.7,49.7,177.5
"2024-02-07 09:35:00",77.7,67.9,18.7,400,113.1,1.6,50.1,178.4
"2024-02-07 09:40:00",77.6,68,18.6,400,112.2,1.5,50,178.2
"2024-02-07 09:45:00",76.9,67.9,18.6,400,105.2,5.2,53.2,166.6
"2024-02-07 09:50:00",77.7,67.6,18.9,400,108.5,2.4,52.5,100.7
"2024-02-07 09:55:00",77.7,67.6,19,400,104.7,3.1,54.4,93.1
"2024-02-07 10:00:00",78.5,67.7,19.5,400,125.4,5,52.6,94.3
"2024-02-07 10:05:00",77.9,68.1,19.9,400,152.8,10.9,66,85.2
"2024-02-07 10:10:00",78.4,68.3,20,400,171.6,8.9,64.9,79
"2024-02-07 10:15:00",77.6,68,20.1,400,152.2,12.8,62.6,82
"2024-02-07 10:20:00",78.3,68,20.2,400,151.4,10.9,62.1,88.5
"2024-02-07 10:25:00",77.6,67.9,20.3,400,153.8,15.2,63,93.2
"2024-02-07 10:30:00",78.2,68,20.3,400,148.4,12.1,61.9,91.1
"2024-02-07 10:35:00",78.3,68,20.3,400,148.6,11.6,60.9,79.2
"2024-02-07 10:40:00",76,67.9,20.6,402,146.1,22.8,60.6,91.3
"2024-02-07 10:45:00",76.5,68.4,20.8,414.9,161.6,23,61.9,86.8
"2024-02-07 10:50:00",77.1,68.7,20.6,426.4,203.7,15.7,62.7,95.9
"2024-02-07 10:55:00",69.1,68.9,20.5,433.5,204.9,42.7,61.9,83.6
"2024-02-07 11:00:00",77.5,68.3,20.5,418,167.7,16.9,58.7,88.4
"2024-02-07 11:05:00",72.4,68.3,20.5,400.6,143.4,37.7,60.3,70.1
"2024-02-07 11:10:00",74.3,68.2,20.2,400,134.3,27.8,60.4,69.8
"2024-02-07 11:15:00",79.4,67.9,20.3,400,130.5,6.1,57.8,74.8
"2024-02-07 11:20:00",78.2,68,20.4,400,136.6,12.4,51.4,71.8
"2024-02-07 11:25:00",79.8,67.8,20.3,400,132.9,2.2,50.3,71.9
"2024-02-07 11:30:00",77.9,68,20.5,400,138,13.3,57.3,70.2
"2024-02-07 11:35:00",77.7,67.5,20.3,400,132.7,12.7,60.2,76.7
"2024-02-07 11:40:00",77.4,66.9,20.1,400,110.9,6.9,53.4,85.1
"2024-02-07 11:45:00",78,66.6,20,400,105.3,1.6,51,87.8
"2024-02-07 11:50:00",78,66.5,19.9,400,106.9,1.4,50.7,86.7
"2024-02-07 11:55:00",78,66.6,20,400,114.7,1.6,51.6,79.9
"2024-02-07 12:00:00",78,66.5,20.2,400,111.2,1.5,52.3,75.8
"2024-02-07 12:05:00",78,66.5,20.2,400,112.5,1.3,51.9,75.1
"2024-02-07 12:10:00",78,66.4,20.3,400,110.2,1.1,53.1,75.4
"2024-02-07 12:15:00",78,66.3,20.3,400,107.5,1.2,54.2,77.2
"2024-02-07 12:20:00",78,66.3,20.4,400,105.4,1.2,52.9,75.4
"2024-02-07 12:25:00",78,66.4,20.4,400,110.5,1.3,51.6,77.6
"2024-02-07 12:30:00",78,66.3,20.4,400,107.5,1.3,53.2,75.2
"2024-02-07 12:35:00",78,66.4,20.3,400,109.5,1,53.6,75.7
"2024-02-07 12:40:00",78,66.2,20.4,400,111.5,1.2,51.8,78.2
"2024-02-07 12:45:00",78.2,66.7,20.2,400,119.1,1.2,51.3,79.3
"2024-02-07 12:50:00",78.8,67.5,20,400,130.3,3.4,56.8,74.3
"2024-02-07 12:55:00",79,67.8,20.1,400,135.4,4,53.1,70.7
"2024-02-07 13:00:00",79.3,67.8,20,400,133.5,1.9,49.9,71.7
"2024-02-07 13:05:00",78.9,67.7,19.6,400,118.6,1.1,50,71.5
"2024-02-07 13:10:00",78.2,67.5,19.5,400,107.7,1.1,50,71.8
"2024-02-07 13:15:00",78,67.3,19.6,400,106.5,1,49.9,71
"2024-02-07 13:20:00",78,67.2,19.6,400,107.2,1,49.8,70
"2024-02-07 13:25:00",78,67.1,19.6,400,106.4,1,49.9,70.5
"2024-02-07 13:30:00",78,67,19.6,400,105.9,1.2,49.9,71.9
"2024-02-07 13:35:00",78,66.8,19.7,400,105.2,1.1,50.1,71.1
"2024-02-07 13:40:00",78,67,19.6,400,109.8,1.1,50.1,69.2
"2024-02-07 13:45:00",78,67.4,19.5,400,113.1,0.9,50,67.5
"2024-02-07 13:50:00",78.5,67.7,19.5,400,120.9,1,50,68.5
"2024-02-07 13:55:00",78.9,67.9,19.5,400,127.5,1,50,68.4
"2024-02-07 14:00:00",78.7,68,19.4,400,123.2,1,50,67.3
"2024-02-07 14:05:00",78.3,67.7,19.3,400,108.4,1,50.1,67.5
"2024-02-07 14:10:00",78,67.5,19.4,400,109.8,1.2,50,65.9
"2024-02-07 14:15:00",78,67.3,19.5,400,108.6,1.1,49.9,65.5
"2024-02-07 14:20:00",78,67.3,19.5,400,109.2,1.2,49.9,64.6
"2024-02-07 14:25:00",78,67.2,19.5,400,109.4,1.2,50,64.5
"2024-02-07 14:30:00",78,67,19.5,400,115.1,1.2,50,65.1
"2024-02-07 14:35:00",78,67.5,19.4,400,121,1.2,50,63.5
"2024-02-07 14:40:00",78.1,67.6,19.4,400,125.9,1,49.9,62.4
"2024-02-07 14:45:00",78.5,67.8,19.4,400,131.8,1,50,61.1
"2024-02-07 14:50:00",78.7,67.9,19.4,400,133.5,1.1,50.1,59.9
"2024-02-07 14:55:00",78,67.9,19.2,400,124.1,1.1,50.3,59.2
"2024-02-07 15:00:00",78,67.5,19.3,400,118.5,1.4,51.3,59
"2024-02-07 15:05:00",78,67.2,19.5,400,118.3,1.4,50.4,58.7
"2024-02-07 15:10:00",78,67,19.8,400,122.7,1.3,50.4,57.1
"2024-02-07 15:15:00",78,67.1,19.8,400.5,125.6,1.5,50.5,55.5
"2024-02-07 15:20:00",78.1,67.5,19.6,408,127.2,1.4,50.4,55
"2024-02-07 15:25:00",78.6,67.7,19.6,414.2,139.5,1.2,50.7,54.6
"2024-02-07 15:30:00",79,68,19.6,416.7,147.3,1.1,51,52.9
"2024-02-07 15:35:00",78.9,68,19.5,418.3,147.1,1.1,51.2,51.3
"2024-02-07 15:40:00",78.4,68,19.3,415,124.5,1.3,51.7,50.1
"2024-02-07 15:45:00",78.6,67.7,19.5,421,126,1.6,52.3,49.1
"2024-02-07 15:50:00",79.1,67.6,20,435.7,134.9,2.7,57.6,47.1
"2024-02-07 15:55:00",80.6,67.7,21.2,495.5,158.1,5.5,58.8,51.9
"2024-02-07 16:00:00",79.4,68,21.4,559.9,163,6.2,53.1,59.3
"2024-02-07 16:05:00",79.1,68.1,21.4,591.2,169.3,3.2,52.4,57.4
"2024-02-07 16:10:00",78.5,68.2,21.3,588.2,171.4,5.7,52.2,59
"2024-02-07 16:15:00",79,68.2,21.4,580.1,173.4,4.5,52.5,59.6
"2024-02-07 16:20:00",79.1,68.1,21.2,574.7,171.7,2.4,53.7,58.5
"2024-02-07 16:25:00",79.2,68.1,21.2,562.3,167.4,6.7,53.8,58.5
"2024-02-07 16:30:00",78.9,68,20.7,540,157.9,7.9,53.6,55
"2024-02-07 16:35:00",79.4,67.6,20.4,497.4,144.7,2.3,51.2,49.9
"2024-02-07 16:40:00",78.8,67.3,20.3,460.4,140.9,4.2,52.1,48.5
"2024-02-07 16:45:00",78.6,67.1,20.1,436.5,134.9,1.6,50.7,42.9
"2024-02-07 16:50:00",78.9,67.4,20,424.9,139.2,1.4,50.7,42.3
"2024-02-07 16:55:00",79,67.8,19.9,423,149,1.2,50.9,42.1
"2024-02-07 17:00:00",79,68,19.9,426.8,155.5,1.1,51,41.8
"2024-02-07 17:05:00",79,68.1,19.9,430.2,157.2,1.1,50.8,41.6
"2024-02-07 17:10:00",74.5,68.1,19.6,428.1,145.8,20.2,53.6,41.3
"2024-02-07 17:15:00",78.6,67.6,19.7,422.4,134.9,4.1,53.6,41.3
"2024-02-07 17:20:00",78.6,67.6,19.8,421.3,141.3,1.8,53.7,41.4
"2024-02-07 17:25:00",78.3,67.5,19.8,422.7,141.1,1.8,53,41.3
"2024-02-07 17:30:00",78.8,67.7,19.7,421.1,147.1,1.7,53.5,41.1
"2024-02-07 17:35:00",79,67.8,19.8,423.8,156.9,1.3,53.6,41.2
"2024-02-07 17:40:00",79,68,19.8,428.4,165.2,2,52.7,41.3
"2024-02-07 17:45:00",79,68.1,19.8,432.2,167.4,2,52.6,41.3
"2024-02-07 17:50:00",77.3,68.2,19.5,432.1,154.6,11.3,55.3,34.3
"2024-02-07 17:55:00",78.9,68,19.8,433.3,156.3,4.5,56,19.3
"2024-02-07 18:00:00",78.9,67.7,20.1,454.1,169.8,4.4,56.7,21.1
"2024-02-07 18:05:00",79,67.5,20.6,472.6,182,5.3,59.8,19.2
"2024-02-07 18:10:00",78.4,67.5,20.5,477.6,179.3,6.9,62.5,18.8
"2024-02-07 18:15:00",78.9,68.2,20.3,479.8,188.8,5.8,62.7,16.6
"2024-02-07 18:20:00",79.1,68.5,20.2,485.7,198.2,3.2,62,17.9
"2024-02-07 18:25:00",79,68.6,20.2,495.5,208.3,3,61.8,18.3
"2024-02-07 18:30:00",79.1,68.4,20.1,487.4,185.7,2.6,61.5,17.5
"2024-02-07 18:35:00",79.1,68.1,20.3,474.6,178.7,6.6,62,18
"2024-02-07 18:40:00",79.2,67.9,20.2,466.8,171.4,3.8,58.6,18.8
"2024-02-07 18:45:00",78.9,67.6,20.4,465.6,170.6,4.3,57.2,18.8
"2024-02-07 18:50:00",79.1,67.7,20.4,470.4,175.2,4.9,61.6,18.8
"2024-02-07 18:55:00",79.1,68.1,20.3,481.2,185.4,6.9,55.6,19
"2024-02-07 19:00:00",79,68.5,20.1,487.3,194.8,3.9,61.1,18.3
"2024-02-07 19:05:00",79,68.6,20.2,495.8,202.8,3.6,60.8,18.7
"2024-02-07 19:10:00",79.5,68.5,20.4,498.3,206.3,4.1,58.4,18.5
"2024-02-07 19:15:00",80,68.2,20.6,488.4,216.7,3.8,56.6,17.8
"2024-02-07 19:20:00",79.8,68,20.9,485.3,203.7,5.9,59,17.9
"2024-02-07 19:25:00",80.3,67.9,21.1,484.4,197.9,5.2,60.9,17.5
"2024-02-07 19:30:00",81,67.8,21.3,486.3,191.7,2.7,60.9,18.3
"2024-02-07 19:35:00",80.6,68.4,21,485.6,197,3.5,53.2,20
"2024-02-07 19:40:00",80,68.9,20.9,493.8,205,5.3,58.7,17.5
"2024-02-07 19:45:00",80.2,69,21.1,506.3,207.7,6.2,62.5,17.6
"2024-02-07 19:50:00",80.2,68.6,21.3,498.6,178.7,6.1,61.8,17.4
"2024-02-07 19:55:00",81.3,68.2,21.7,486.8,175,5.7,61.8,16.9
"2024-02-15 15:55:00",55.6,65.6,11.2,453,1918.6,5.6,57.5,57.3
"2024-02-15 16:00:00",62.9,65.8,11.2,437.9,270.8,1.9,57.1,47.8
"2024-02-15 16:05:00",64.2,66.5,11.5,452.3,136.7,9.2,61.4,51
"2024-02-15 16:10:00",65.1,67.3,11.8,481.3,90.4,13.5,60.2,53.6
"2024-02-15 16:15:00",66.8,67.9,11.9,496.9,66.6,9.7,59.8,51.5
"2024-02-15 16:20:00",67,68,11.9,506.7,53,7.2,58.2,54.8
"2024-02-15 16:25:00",67.3,67.8,11.1,492.2,32.8,3.2,58.9,49
"2024-02-15 16:30:00",66.4,67.6,11.1,477.2,30.9,6.4,57.4,54
"2024-02-15 16:35:00",66.4,67.3,10.9,468.2,28.1,1.6,57.4,54.8
"2024-02-15 16:40:00",66.4,67.3,11,463.6,32.2,2.2,54.9,49.8
"2024-02-15 16:45:00",67,67.7,11.3,467.2,41.4,4.4,55.5,48.7
"2024-02-15 16:50:00",67.8,68.5,11.8,483,52.4,6.3,58.5,43.3
"2024-02-15 16:55:00",67.3,68.6,12,500.1,54.6,6.4,55.6,39
"2024-02-15 17:00:00",67.5,68.2,11.3,495,37.3,2.1,52,41
"2024-02-15 17:05:00",66.3,67.3,10.8,448.8,26.8,1.5,51.1,40.7
"2024-02-15 17:10:00",65.6,66.6,10.9,420.9,30.1,1.2,51.2,40.7
"2024-02-15 17:15:00",66.5,67.4,10.9,410,36.3,1.2,51,40.7
"2024-02-15 17:20:00",67.2,68.1,10.9,407.7,45.5,1.2,50.8,40.6
"2024-02-15 17:25:00",67.7,68,11.1,410.1,51.7,1.1,51,40.5
"2024-02-15 17:30:00",67.6,68.2,11.5,410.9,60.7,3.3,53.6,40.5
"2024-02-15 17:35:00",67.8,68.2,11.5,414.2,62.7,5.6,54.2,40.5
"2024-02-15 17:40:00",67.1,67.9,10.9,418.9,50.1,3,57.1,40.3
"2024-02-15 17:45:00",66.5,67.3,11,421,46.4,2.2,57.1,40.2
"2024-02-15 17:50:00",66.3,67,11.3,426.1,52.9,2.9,59.5,39.7
"2024-02-15 17:55:00",67,67.5,11.8,444.5,61.5,5.6,56.4,39
"2024-02-15 18:00:00",68,68.4,12.2,467.6,80.1,3.3,55.4,40
"2024-02-15 18:05:00",68.1,68.7,12.6,496.2,105.1,2.1,56.8,48.8
"2024-02-15 18:10:00",67.8,68.6,12.7,529.8,112.9,2.6,59.7,48.3
"2024-02-15 18:15:00",67.4,68.3,12.6,540.4,106.6,2.4,58.4,49.2
"2024-02-15 18:20:00",67.7,68,12.5,528.3,98,2.2,58.8,49.4
"2024-02-15 18:25:00",67.6,67.8,12.6,522,98,2.2,57.8,44.7
"2024-02-15 18:30:00",67,67.4,12.7,523.2,96,2.9,59.2,45.9
"2024-02-15 18:35:00",67,67.3,12.7,521.3,94.8,3.5,59.5,46.9
"2024-02-15 18:40:00",66.8,67,12.8,521.3,94.4,3.4,59.3,45.9
"2024-02-15 18:45:00",66.2,66.7,12.7,516.6,89.3,3,58.1,45.9
"2024-02-15 18:50:00",66.1,66.7,12.7,514.4,98.4,2.8,59,46.8
"2024-02-15 18:55:00",66,66.7,12.8,517.5,101.5,3.7,59,45.9
"2024-02-15 19:00:00",66.1,66.7,12.8,519,101.8,2.9,59,46.9
"2024-02-15 19:05:00",66,66.7,12.8,520.7,106.5,2.4,56.7,45.6
"2024-02-15 19:10:00",65.8,66.6,12.9,519.9,111,4.7,58.8,44.9
"2024-02-15 19:15:00",66.1,66.7,13.1,525.2,120,3.4,57.3,49.8
"2024-02-15 19:20:00",66,67.5,13.4,550.6,141.6,7.3,52.9,49.2
"2024-02-15 19:25:00",66.7,68.4,13.8,581.1,161.5,2.6,51.9,49.2
"2024-02-15 19:30:00",66,68.6,13.3,608.8,142.9,2.2,54.6,50.8
"2024-02-15 19:35:00",66.1,67.8,12.9,577.3,116.5,2.6,56.1,51.4
"2024-02-15 19:40:00",66.6,67.4,12.9,549.5,111.1,2.6,57.1,50.3
"2024-02-15 19:45:00",66.9,67.2,12.9,529.3,102.5,3,58.1,50.4
"2024-02-15 19:50:00",67,67.1,12.8,522,106.7,2.7,58.9,50.8
"2024-02-15 19:55:00",66.6,67,12.9,525.1,108.4,2.7,59.4,50.4
"2024-02-16 08:00:00",76.9,67.8,18.7,400,173.9,2.6,51.9,76.1
"2024-02-16 08:05:00",77,68.2,18.8,414.4,189.6,4.2,50.6,74.5
"2024-02-16 08:10:00",76.9,68.1,18.8,442.5,204.2,1.8,50.5,74.3
"2024-02-16 08:15:00",76.1,68,18.4,441.5,194.8,0.9,50.8,78.8
"2024-02-16 08:20:00",75.4,67.3,18.3,428.1,182.5,0.9,50.9,77.5
"2024-02-16 08:25:00",75,66.8,18.4,417.4,173.8,1,51.8,78.6
"2024-02-16 08:30:00",75.7,67.6,18.3,420.1,186.9,3.4,51.2,77.2
"2024-02-16 08:35:00",76,67.9,18.3,433.7,200.5,2.4,50.8,75.8
"2024-02-16 08:40:00",76,68.1,18.2,443.6,204.3,1.1,50.9,77.3
"2024-02-16 08:45:00",74,68.3,17.1,444.8,191.1,3.5,51.8,76.7
"2024-02-16 08:50:00",72.7,67.6,16.6,435,169.7,4.4,52.4,76.6
"2024-02-16 08:55:00",72,67.1,16.4,419.3,160.8,1.7,52.9,80.8
"2024-02-16 09:00:00",72,66.9,16.4,402.4,150.6,0.9,50.7,81.2
"2024-02-16 09:05:00",72.8,67.7,16.4,400,155.3,0.9,50.5,81.3
"2024-02-16 09:10:00",73.1,67.8,16.6,400,158.9,0.6,50.5,81.4
"2024-02-16 09:15:00",73.4,67.8,16.6,400,162.9,0.5,50.4,81.5
"2024-02-16 09:20:00",73.3,68,16.5,400,166.2,0.4,50.4,81.6
"2024-02-16 09:25:00",71.5,67.8,15.5,400,147,1,50.3,81.5
"2024-02-16 09:30:00",69.9,67.2,15,400,138.6,1,50.5,81.7
"2024-02-16 09:35:00",69.3,67.2,14.9,400,137.6,4.7,51.7,82.1
"2024-02-16 09:40:00",69.4,67.1,15,400,139.8,3.9,50.9,84.5
"2024-02-16 09:45:00",71,67.9,15.2,400,151.3,1.6,51.5,85
"2024-02-16 09:50:00",71.3,68,15.4,400,159.9,2.5,54,85.2
"2024-02-16 09:55:00",71.1,68.2,15.6,400.4,161.5,7.5,55.2,55.9
"2024-02-16 10:00:00",71.3,68.2,15.4,414.5,165.2,3.9,64.6,47.4
"2024-02-16 10:05:00",71,67.9,15.5,436.7,156,6.3,66.9,45.9
"2024-02-16 10:10:00",70.7,68.2,15.7,455.2,155.9,10.7,63,52.4
"2024-02-16 10:15:00",66,68.7,16.2,477.1,204.5,30.8,62.4,130.4
"2024-02-16 10:20:00",65.7,69.1,16.4,499.1,221.3,31.9,61.4,119.4
"2024-02-16 10:25:00",68.4,69.4,16.5,514,243.1,23.2,61.7,133.4
"2024-02-16 10:30:00",66.8,69.5,16.2,504.7,207.8,27.6,61.1,119
"2024-02-16 10:35:00",68.1,68.9,15.8,488.1,209.6,21.1,60.3,126.9
"2024-02-16 10:40:00",64.9,68.9,16.1,477,216.1,36.6,60.3,114.3
"2024-02-16 10:45:00",69.5,69.1,16.7,487.4,229,20.9,57.9,121.5
"2024-02-16 10:50:00",70.7,69.4,16.2,497.5,218.6,12.2,56.6,136.1
"2024-02-16 10:55:00",71.3,69.2,15.7,499.5,198.1,4.9,51.3,140.8
"2024-02-16 11:00:00",70,68.5,14.7,453.6,156,1.2,50.9,141
"2024-02-16 11:05:00",69.8,68,14.5,415.9,150.4,1.1,50.9,140.8
"2024-02-16 11:10:00",69.2,67.6,14.5,400.6,147.6,1.1,51.2,140.6
"2024-02-16 11:15:00",69.8,68.2,14.5,400,155,0.9,51,140.3
"2024-02-16 11:20:00",70,68.4,14.7,400,163.3,0.9,50.9,140.3
"2024-02-16 11:25:00",70,69,14.7,400.4,170.6,0.8,50.9,140.1
"2024-02-16 11:30:00",69.8,68.6,14.6,402.4,165.2,0.9,50.9,140.2
"2024-02-16 11:35:00",69,68.3,14.1,400,149,0.9,51,139.5
"2024-02-16 11:40:00",69,68.2,14,400,147.9,1,51.2,139.5
"2024-02-16 11:45:00",68.9,67.9,14,400,149,1,51.3,139.1
"2024-02-16 11:50:00",69,68.1,14.1,400,150.6,1.4,52.4,137.6
"2024-02-16 11:55:00",69.3,68.6,14.3,403.5,163.9,2,53.3,118.5
"2024-02-16 12:00:00",56.7,69.1,14.7,433.8,173.5,54,55.5,100.8
"2024-02-16 12:05:00",65.8,69.3,14.8,465.9,179.7,23.1,57,115
"2024-02-16 12:10:00",67.2,68.7,14.2,469,163.9,9.1,58.7,123.4
"2024-02-16 12:15:00",66.3,68,14.4,465.6,163.1,17.5,57.6,122.4
"2024-02-16 12:20:00",64.5,67.7,14.8,470.1,166.6,27.5,56,112.3
"2024-02-16 12:25:00",66.7,67.7,15.1,477.6,170.3,20.7,59.3,109.3
"2024-02-16 12:30:00",66.6,68.5,14.9,478.3,176.7,18.8,56,125.1
"2024-02-16 12:35:00",70.1,69,14.9,489,183.2,4.2,52,129.4
"2024-02-16 12:40:00",70.4,69,15,499.4,184.7,3.3,51.9,129.7
"2024-02-16 12:45:00",69,68.4,14.2,485.5,166.3,1.4,52.1,128.2
"2024-02-16 12:50:00",68.5,68,14.1,460.6,179.3,3.1,54.1,124.8
"2024-02-16 12:55:00",61.8,67.7,14.5,452.3,170.6,32,60,195.6
"2024-02-16 13:00:00",65,67.6,15.2,491,181.4,26.2,64.2,203.8
"2024-02-16 13:05:00",69.5,67.4,15.4,517.6,182.5,6.8,63.3,221.9
"2024-02-16 13:10:00",68.9,67.2,15.7,530.1,180.7,9.1,62,224.7
"2024-02-16 13:15:00",68.6,67.4,16,536.2,185,12.3,62.9,225.1
"2024-02-16 13:20:00",68.4,67.6,15.8,541.7,190.3,12.5,63.4,235.2
"2024-02-16 13:25:00",65.2,67.5,15.8,538.3,191.2,24.2,61.6,230.4
"2024-02-16 13:30:00",68.2,67.6,15.9,538.9,197.2,15.6,61.2,215.7
"2024-02-16 13:35:00",64.6,67.5,15.5,529.5,189.9,29.7,63.2,215.1
"2024-02-16 13:40:00",65.7,67.6,15.6,523.3,198.9,21.4,63.8,220.6
"2024-02-16 13:45:00",66,67.3,15.4,522.6,195.6,19.6,62.3,218.9
"2024-02-16 13:50:00",62.6,67.5,15.8,530.8,209.4,34,64.4,175.6
"2024-02-16 13:55:00",58.3,67.4,15.3,535,196.2,44.7,60.5,186.8
"2024-02-16 14:00:00",68.4,67.2,15.1,520.2,182.1,7.4,52.8,204.2
"2024-02-16 14:05:00",69.9,67.8,15.2,527.4,194.7,3.2,51.3,200.6
"2024-02-16 14:10:00",69.9,68.3,15.4,547.3,201.7,1.8,51,208.1
"2024-02-16 14:15:00",69.4,68.8,15.4,560.9,207.7,1.8,51.2,207
"2024-02-16 14:20:00",68.2,68.9,14.5,551.9,184.2,1.1,51.4,201.5
"2024-02-16 14:25:00",68.9,68.2,14.3,519,173.5,1,51.4,200.2
"2024-02-16 14:30:00",69,67.8,14.3,495.9,170.9,1.2,52.1,199.2
"2024-02-16 14:35:00",68.8,67.7,14.2,487.8,172.2,1.1,51.9,195.7
"2024-02-16 14:40:00",68.1,67.5,14.1,481.6,167.4,1.8,52.6,197.9
"2024-02-16 14:45:00",67.9,67.3,14.2,478.1,167.5,2.5,51.6,198.2
"2024-02-16 14:50:00",67.9,67.2,14.2,477,167.6,1.3,52.2,183.8
"2024-02-16 14:55:00",68,67,14.4,473,169.5,2.8,53.2,188
"2024-02-16 15:00:00",68.7,67.8,14.5,478.3,181.7,5,53.9,190.8
"2024-02-16 15:05:00",69.1,68.4,14.4,483.8,188.6,3.5,50.6,202.4
"2024-02-16 15:10:00",69,68.6,14.4,478,188.4,1.4,50.4,203
"2024-02-16 15:15:00",68.7,68.4,13.9,461.9,175.4,1.2,50.4,202.9
"2024-02-16 15:20:00",68.1,68.1,13.3,435.5,155.7,1.1,50.7,203.6
"2024-02-16 15:25:00",67.9,67.6,13.4,422.3,154.2,1.1,50.7,199.8
"2024-02-16 15:30:00",68,67.5,13.4,414.7,149.6,1.1,50.2,188.7
"2024-02-16 15:35:00",68.3,68.2,13.5,413.5,161.7,1.1,50.1,189.9
"2024-02-16 15:40:00",68.2,68.6,13.6,414.3,171,1,49.8,184.2
"2024-02-16 15:45:00",68.2,68.8,13.8,415.8,179.4,1,50,179.9
"2024-02-16 15:50:00",68.2,68.8,13.7,417.9,176.9,1.2,53.9,175.2
"2024-02-16 15:55:00",68.1,68.6,13.2,421.2,157.5,1.4,60.1,162.6
"2024-02-16 16:00:00",68.1,68.2,13.3,430.1,158.2,2.6,57.4,53.2
"2024-02-16 16:05:00",68,67.4,13.7,444.9,159.7,1.7,56.8,55.9
"2024-02-16 16:10:00",67.3,67.2,13.7,449,159.7,1.7,57.8,56
"2024-02-16 16:15:00",67,67,13.7,447,155.7,2,58.2,55.4
"2024-02-16 16:20:00",66.8,67,13.8,450.7,161,4.9,60.9,38.3
"2024-02-16 16:25:00",68,67.6,13.9,458.5,178.3,2.8,57.3,55
"2024-02-16 16:30:00",68.7,68,14.1,466.7,187.9,1.7,56.6,52.3
"2024-02-16 16:35:00",69,68.2,14.2,478.2,192.6,1.8,58.2,54.6
"2024-02-16 16:40:00",68.1,67.9,13.7,471.6,172.2,1.2,57.8,53.4
"2024-02-16 16:45:00",67.8,67.4,13.7,454.4,164.6,1.5,58.4,50.5
"2024-02-16 16:50:00",67.1,67.1,13.8,446.4,167.5,1.4,60.7,49.4
"2024-02-16 16:55:00",67.2,67,14,447.6,167.4,1.3,55.4,44
"2024-02-16 17:00:00",68,67.6,13.9,451.3,177.6,1.2,50.6,43.8
"2024-02-16 17:05:00",68.4,67.7,14.1,452.4,179.9,1.1,50.6,43.3
"2024-02-16 17:10:00",68.7,67.8,14.2,446.2,182.6,1.1,50.6,42.8
"2024-02-16 17:15:00",68.9,67.9,14.1,438.5,181.9,1,50.6,42.5
"2024-02-16 17:20:00",68,67.7,13.5,426.3,161,1,50.7,42.1
"2024-02-16 17:25:00",67.5,67.3,13.4,417.7,152.6,1.1,50.7,42
"2024-02-16 17:30:00",67.3,67.2,13.5,412.3,155,1.1,50.8,41.8
"2024-02-16 17:35:00",68,67.7,13.6,410.4,165.4,1,50.6,42
"2024-02-16 17:40:00",68,67.7,13.8,408.8,171.6,0.9,50.5,41.9
"2024-02-16 17:45:00",68.3,67.9,13.9,410.6,177.9,1,50.7,41.7
"2024-02-16 17:50:00",68.2,67.9,13.9,414.2,178.2,0.9,50.6,41.9
"2024-02-16 17:55:00",67.9,67.6,13.5,412.1,159,1,50.6,41.8
"2024-02-16 18:00:00",67.5,67.3,13.4,409.5,164.8,1,50.7,41.6
"2024-02-16 18:05:00",67.4,67.4,13.4,408.5,161.8,1,50.7,41.7
"2024-02-16 18:10:00",68,67.8,13.6,409.8,173.1,1,50.7,41.7
"2024-02-16 18:15:00",68,67.7,13.8,410.8,181.2,1,50.6,41.8
"2024-02-16 18:20:00",68,67.9,13.9,408.9,180.2,1,50.6,41.8
"2024-02-16 18:25:00",68,67.8,13.8,411.2,176.5,0.9,50.7,40.8
"2024-02-16 18:30:00",67.8,67.5,13.3,410.5,157.5,1.1,53.1,40.6
"2024-02-16 18:35:00",60.4,67.1,13.7,410.7,162,28.4,62.2,41.5
"2024-02-16 18:40:00",67.6,67.3,13.8,421.7,176.1,4.6,71.9,41.6
"2024-02-16 18:45:00",68.2,68,14,436.8,187.9,5.6,64.5,44
"2024-02-16 18:50:00",68.9,68,14.1,447.1,191,2.1,64.7,43.7
"2024-02-16 18:55:00",69,68,14.3,456.7,192.5,1.7,59.8,44
"2024-02-16 19:00:00",68.2,68,13.8,457.2,183.1,1.2,64.7,43.6
"2024-02-16 19:05:00",67.7,67.4,13.8,456.1,175.6,1.2,67.2,43.2
"2024-02-16 19:10:00",67.1,67,13.9,454.7,179.3,1.4,64.4,43
"2024-02-16 19:15:00",68,67.9,13.8,454.9,190,1.5,65.2,44
"2024-02-16 19:20:00",68.4,68.3,14.2,462.9,203.2,6.6,73,43.2
"2024-02-16 19:25:00",68.6,68.8,14.2,484.4,210.5,5.1,69.9,43.4
"2024-02-16 19:30:00",68.8,68.8,14.3,507.4,212.3,4.3,67.5,43
"2024-02-16 19:35:00",68.2,68.2,14.3,518.1,204.8,4.8,66.9,45.8
"2024-02-16 19:40:00",68,67.6,14.3,509.8,197.3,3.4,60.6,44.5
"2024-02-16 19:45:00",68.8,68.1,14.3,499.6,202.7,2.5,73,48.5
"2024-02-16 19:50:00",68.5,68.7,14.3,508.1,212.6,3.3,63.7,44.7
"2024-02-16 19:55:00",68.1,69.1,14.3,526.2,221.3,2.2,68.7,48.9
"2024-02-17 08:30:00",75.1,68.5,17.8,408.9,218.6,1,49.8,120.2
"2024-02-17 08:35:00",75.1,67.5,18.2,405.8,206.3,1.1,50.1,122.8
"2024-02-17 08:40:00",74.7,68.9,17.6,405.7,210.4,1,50.4,123.6
"2024-02-17 08:45:00",74.8,69,17.5,405.7,214.3,1,50.5,123.7
"2024-02-17 08:50:00",74.9,69.1,17.5,406.7,220.3,1,50.5,123.7
"2024-02-17 08:55:00",74.9,69.1,17.6,404.8,221.9,1,50.5,124
"2024-02-17 09:00:00",75.2,68.4,17.8,405,211.6,1.1,50.6,126
"2024-02-17 09:05:00",75.3,67.8,18.1,404.9,207.6,1,50.8,128.7
"2024-02-17 09:10:00",74.4,69.3,17.4,402,213.7,1,50.9,133
"2024-02-17 09:15:00",74.4,69.3,17.4,402.4,218.6,1,50.9,137.7
"2024-02-17 09:20:00",74.4,69.4,17.4,403.9,220.3,1,50.8,138.9
"2024-02-17 09:25:00",74.8,69.2,17.5,403.8,220,1,50.8,137.4
"2024-02-17 09:30:00",75.3,68,18,404.6,206.7,1,50.7,141.1
"2024-02-17 09:40:00",74.2,69.5,17.3,404.3,213.5,1.1,50.4,166.3
"2024-02-17 09:45:00",74.4,69.5,17.4,400.8,219,1,50.1,162.2
"2024-02-17 09:50:00",74.3,69.7,17.4,400.3,222.9,0.9,49.8,160.6
"2024-02-17 09:55:00",75.2,68.8,17.8,401.3,216.2,1,50,161
"2024-02-17 10:00:00",76,67.7,18.4,402.3,208.7,1.1,50.4,164
"2024-02-17 10:05:00",74.9,69,17.7,402.8,213.8,1,50.7,168.4
"2024-02-17 10:10:00",74.8,69.4,17.5,403.3,217.8,1.1,50.7,167.6
"2024-02-17 10:15:00",74.5,69.6,17.5,401.7,223.1,1,50.7,168.9
"2024-02-17 10:20:00",74.5,69.8,17.4,404.6,226.2,1,50.7,167.9
"2024-02-17 10:25:00",75.4,68.9,17.9,404.9,216.7,1,50.6,171.6
"2024-02-17 10:30:00",76,67.9,18.4,403.1,208.7,1,50.3,176.7
"2024-02-17 10:35:00",75,69.5,17.7,400,212.2,1.1,49.9,179.7
"2024-02-17 10:40:00",74.8,69.6,17.5,400.6,215.8,1,50,181.8
"2024-02-17 10:45:00",74.6,69.8,17.5,401.8,222.7,1.1,49.7,187.6
"2024-02-17 10:50:00",74.8,69.6,17.6,400,222.1,1.1,50.2,198.6
"2024-02-17 10:55:00",76.1,68.4,18.3,400,212.4,1,50.1,207.1
"2024-02-17 11:00:00",76.2,68.7,18.4,400.1,213.4,1,50.4,198.6
"2024-02-17 11:05:00",75,69.9,17.6,400,219.3,1.1,50.5,203.4
"2024-02-17 11:10:00",75,69.8,17.7,400.1,226.3,1,50,232.5
"2024-02-17 11:15:00",75,69.9,17.7,400,227.1,1,49.7,241.1
"2024-02-17 11:20:00",75.8,69.5,18.2,401.9,225.5,1.1,50,226.1
"2024-02-17 11:25:00",76.7,68.5,18.6,402.6,217.1,1,50.3,202.2
"2024-02-17 11:30:00",75.5,69.5,18.1,402.2,219,1.1,50.6,198
"2024-02-17 11:35:00",76.3,68.9,18.4,402.2,214.6,1.1,50.5,205.9
"2024-02-17 11:40:00",76.9,68,18.8,403.9,213.1,1.2,50.1,220.3
"2024-02-17 11:45:00",76.1,67.5,18.7,403.9,206.7,1.3,50.1,224.9
"2024-02-17 11:50:00",76,67.3,18.7,402.8,207.9,2,49.8,237.5
"2024-02-17 11:55:00",75.6,67.2,18.6,403.3,205.1,2.4,50,194.4
"2024-02-17 12:00:00",74.9,67.2,18.2,403.6,201.2,2.2,49.8,206.5
"2024-02-17 12:05:00",74,67,17.8,405.4,197.5,1.9,49.9,182.4
"2024-02-17 12:10:00",73.6,66.8,17.7,404.6,193.6,1.8,50,193.8
"2024-02-17 12:15:00",73.1,66.7,17.7,403.5,195.1,1.8,50,190
"2024-02-17 12:20:00",72.9,66.4,17.6,404.2,189.9,1.5,50.1,183.3
"2024-02-17 12:25:00",72.3,66.2,17.5,402.1,187.1,1.3,50,178.5
"2024-02-17 12:30:00",72.1,66.1,17.5,402.7,186.9,1.2,49.7,157.2
"2024-02-17 12:40:00",72.2,66.1,17.5,401.1,187.8,1.1,50,141.9
"2024-02-17 12:50:00",73.1,67.5,17.1,400,201.7,1,50,174.7
"2024-02-17 12:55:00",73,67.2,17.1,400.2,200.5,1,49.9,194.9
"2024-02-17 13:00:00",72.3,66.6,17.1,402.2,193.4,1,50,202.9
"2024-02-17 13:05:00",72,66.1,17.2,400.7,188.9,1,50.1,199.5
"2024-02-17 13:15:00",72.5,66.9,17.1,401.8,197.5,1,49.9,207.7
"2024-02-17 13:20:00",73,68.1,16.5,400,200.1,1.1,50,176.2
"2024-02-17 13:25:00",73,67.7,16.8,400,206.5,1,49.9,138.9
"2024-02-17 13:30:00",72.9,67.3,16.9,400.5,196,1,49.9,100.2
"2024-02-17 13:35:00",73.6,66.4,18,400.2,196.2,1.7,50.2,89.7
"2024-02-17 13:40:00",75.5,65.6,20.1,401.4,209.1,2,50,100.5
"2024-02-17 13:50:00",76.4,67.4,19,403.7,213.5,1.6,49.7,122.9
"2024-02-17 13:55:00",76,67.2,19,402.9,214.5,1.3,49.8,175.5
"2024-02-17 14:00:00",76.4,67.1,19.3,402.6,216.7,1.1,50,193.2
"2024-02-17 14:05:00",77,66.4,20.4,403.3,215.3,1,49.8,177.6
"2024-02-17 14:10:00",77,65.7,20.9,405.3,207.8,1.1,50.2,171.2
"2024-02-17 14:15:00",77,66.2,20.4,405.9,210.6,1.1,50.2,174
"2024-02-17 14:20:00",77.2,67.8,19.3,405.5,216.5,1.1,50.1,176.3
"2024-02-17 14:30:00",76.7,67.3,19.2,405.3,222,1,50.2,169.8
"2024-02-17 14:35:00",74.7,66.9,18.4,405.4,208.6,1.1,49.9,161.6
"2024-02-17 14:40:00",72.7,66.4,17.6,402.5,196.9,1,49.8,160.8
"2024-02-17 14:45:00",71.8,66.2,17.1,402.2,201.5,1,49.7,158.5
"2024-02-17 14:55:00",70.1,65.9,16.5,401.7,190.9,1,50.2,133.9
"2024-02-17 15:00:00",70.9,66.8,16.2,400.1,193.1,1.1,50.2,127.3
"2024-02-17 15:05:00",71.8,67.2,16.4,401.8,200.4,1,50,133.5
"2024-02-17 15:10:00",72,67,16.7,400.1,205.2,0.9,49.9,140.2
"2024-02-17 15:15:00",70.7,66.8,16,400,190.6,1,50,138.5
"2024-02-17 15:20:00",69.1,66,15.8,400,181.2,1.1,50.3,132
"2024-02-17 15:25:00",67.7,65.4,15.4,400,177.1,1.1,50.2,131.5
"2024-02-17 15:30:00",68.7,66.2,15.3,400.4,184.9,0.9,50.1,139.1
"2024-02-17 15:40:00",70,67,15.6,400.9,195.8,0.7,49.8,141.5
"2024-02-17 15:45:00",69.7,66.9,15.5,402.4,196.3,0.8,50,126.7
"2024-02-17 15:50:00",67.9,66.3,14.8,401.2,174.7,0.9,50.2,130.9
"2024-02-17 15:55:00",66.8,65.5,14.8,400,177.5,1,50.5,135.4
"2024-02-17 16:00:00",67.2,65.8,14.8,400,182.7,0.9,50.1,140.4
"2024-02-17 16:05:00",68.2,66.9,14.7,400,189.3,0.9,50.1,138.2
"2024-02-17 16:10:00",68.8,66.9,14.9,400,190.1,0.8,50.2,128.3
"2024-02-17 16:35:00",66,66.6,12.9,400,175.4,0.8,50,97.3
"2024-02-17 16:40:00",66.5,66.9,13.3,400,183,0.6,50.3,93.1
"2024-02-17 16:45:00",66.9,66.8,13.7,400,188.9,0.3,50.2,93.2
"2024-02-17 16:50:00",66.2,66.6,13.2,400,183,0.4,50.4,92.9
"2024-02-17 16:55:00",64.9,65.9,12.8,400,168.3,0.8,50.3,91.5
"2024-02-17 17:00:00",64.3,65.2,13.2,400,165.7,0.7,50.2,87
"2024-02-17 17:05:00",66,66.5,13.1,400,179.1,0.6,50.1,82
"2024-02-17 17:10:00",66.1,66.6,13.3,400,181.9,0.3,49.8,77.4
"2024-02-18 08:05:00",68,64.6,16.7,412.4,246.3,1.1,50,141.9
"2024-02-18 08:10:00",68.1,64.9,16.5,410,247.4,1,49.8,149
"2024-02-18 08:15:00",68.3,65.1,16.4,411.3,246.3,1,49.7,154.6
"2024-02-18 08:20:00",68.6,65.3,16.3,410.3,246.1,1,50.8,137
"2024-02-18 08:25:00",69,65.5,16.2,411.2,241.2,1,50.4,134.6
"2024-02-18 08:30:00",68.8,65.9,16,410.5,244.2,1,50.2,128.4
"2024-02-18 08:35:00",66,66,14.2,411.3,193.4,1.5,50.2,128.3
"2024-02-18 08:40:00",66.8,65.9,14.8,410.9,217.2,1.4,50.6,132.5
"2024-02-18 08:45:00",67.2,66,15,409.7,221.3,1.3,50.5,139.1
"2024-02-18 08:50:00",67.8,66.2,15.1,407.7,228.4,1.2,49.8,145.6
"2024-02-18 09:00:00",68,66.8,15,406.6,233.4,1.2,49.9,155.7
"2024-02-18 09:05:00",68.4,67,15,406.7,234.3,1.1,50.8,165.3
"2024-02-18 09:10:00",67.7,67,14.5,405.4,225.9,1.2,50.8,173.7
"2024-02-18 09:15:00",66.5,66.8,13.7,405.6,204.8,1.7,50.7,176.1
"2024-02-18 09:20:00",67.1,67,14.2,406.9,213.8,1.6,50.9,174.8
"2024-02-18 09:25:00",67.8,67.2,14.3,405.7,219.7,1.6,50.6,183.4
"2024-02-18 09:30:00",68.1,67.6,14.3,405.1,228.9,1.3,50.5,216.5
"2024-02-18 09:35:00",68.2,67.8,14.3,405.2,231.1,1.2,50.1,214
"2024-02-18 09:40:00",68.2,67.9,14.3,403.7,231.5,1.2,50.1,224
"2024-02-18 09:45:00",67.3,67.5,13.4,402.5,204.3,1.9,50.2,223.8
"2024-02-18 09:50:00",67.9,68,13.5,402.4,217.8,1.9,50,210.3
"2024-02-18 09:55:00",68,68,13.8,400.5,224.6,1.7,50.1,213.2
"2024-02-18 10:00:00",68,68.3,13.8,401.4,230.7,1.7,50.5,204.5
"2024-02-18 10:05:00",68,68.9,13.6,401.8,233,1.3,50.3,192.1
"2024-02-18 10:10:00",67.6,68.3,13.2,401,219.9,1.5,50.1,190.9
"2024-02-18 10:15:00",67.1,67.8,12.6,400,203.3,2.8,53,155.4
"2024-02-18 10:20:00",67.7,68.3,13.1,401,214.3,3.3,54.2,103.7
"2024-02-18 10:25:00",68,68.4,13.3,405.2,218.4,2.8,52.7,129.8
"2024-02-18 10:30:00",67.9,68.8,13.3,407.7,227.1,2.8,52,128.6
"2024-02-18 10:35:00",67.7,68.7,13.3,407.3,229.2,4.4,53,138.1
"2024-02-18 10:40:00",46.7,68.7,12.5,409.6,391.4,149.5,53.8,71.7
"2024-02-18 10:45:00",64.9,68.5,12.5,408.3,408.7,8.6,53.4,57.1
"2024-02-18 10:50:00",65,68.6,12.8,409.2,447.5,6.7,51.4,73.9
"2024-02-18 10:55:00",66,68.7,13,410.2,383.2,4.5,51.9,71.2
"2024-02-18 11:00:00",66,69,13,411,359.2,3.9,51.6,78.2
"2024-02-18 11:05:00",66.2,68.1,12.8,412.8,299,3.1,52.4,82.2
"2024-02-18 11:10:00",66.6,67.8,12.5,412.2,255.1,2.2,52.4,85.1
"2024-02-18 11:15:00",67,68.3,12.7,409.8,264.5,2.3,52,81.6
"2024-02-18 11:20:00",66,68.9,12.7,408.7,269.3,7.3,56.1,55.8
"2024-02-18 11:25:00",67,69,12.9,411.4,262.2,3.9,54.3,71.4
"2024-02-18 11:30:00",67,68.9,12.9,414.5,260.8,3.2,54.6,71.3
"2024-02-18 11:35:00",66.9,68,12.7,417.6,238.8,3,53,67.6
"2024-02-18 11:40:00",66.5,67.6,12.5,415.1,216,2.5,52.6,66.6
"2024-02-18 11:45:00",67,68.4,12.5,414.4,223.7,2.2,51.8,66.2
"2024-02-18 11:50:00",67,68.7,12.6,416.7,240.1,2.1,52.5,64.3
"2024-02-18 11:55:00",67,68.8,12.7,417.1,238.9,2.7,53.1,63.9
"2024-02-18 12:00:00",67,68.5,12.7,421.9,233.1,2.5,52.3,63.8
"2024-02-18 12:05:00",66.5,67.4,12.5,422.7,209.9,2.5,53.7,63.4
"2024-02-18 12:10:00",67,68.4,12.4,421.5,218.7,2.3,53,63.1
"2024-02-18 12:15:00",67,68.9,12.5,421.1,229.3,2.1,51.6,61.4
"2024-02-18 12:20:00",67,69.1,12.6,423.9,242.1,2,52.4,60.3
"2024-02-18 12:25:00",61.7,68.7,12.8,426.1,238.7,26.1,51.5,66.3
"2024-02-18 12:30:00",67,67.7,12.4,422.7,207.5,3.3,49.7,69.7
"2024-02-18 12:35:00",66.9,67.9,12.4,418.1,213.5,3,49.7,69.1
"2024-02-18 12:40:00",67,68.5,12.4,415.5,225.2,2.3,49.7,68.6
"2024-02-18 12:45:00",67,68.8,12.4,415.2,230.3,2.3,49.9,68.1
"2024-02-18 12:50:00",67,69.1,12.5,412.8,231.8,2,49.7,66.7
"2024-02-18 12:55:00",67,68.6,12.5,412.2,228.3,2.2,49.7,64.9
"2024-02-18 13:00:00",67,68,12.3,412.9,211,2.6,50.1,62
"2024-02-18 13:05:00",67,68.7,12.2,411.7,219.7,2.4,50,61.4
"2024-02-18 13:10:00",66.8,68.7,12.4,413.3,225,4.2,52.1,63.2
"2024-02-18 13:15:00",65.7,69.1,12.5,415.2,231.3,11.6,55.3,56.4
"2024-02-18 13:20:00",66.8,68.7,12.7,420.5,232.4,5.4,53.9,56.2
"2024-02-18 13:25:00",67,67.7,12.4,419.6,203.6,3.2,54.4,58.2
"2024-02-18 13:30:00",67,68.4,12.3,416.7,217,2.8,55.4,54.9
"2024-02-18 13:35:00",67,68.8,12.3,419.2,225.4,2.3,53.6,53.7
"2024-02-18 13:40:00",67,68.9,12.5,418.9,234.7,2.3,53.6,54.6
"2024-02-18 13:45:00",67,69,12.6,421.6,239.9,2.4,54.2,47
"2024-02-18 13:50:00",67,68,12.3,421,210.7,2.6,54,44
"2024-02-18 13:55:00",66.9,68.1,12.3,416.4,213.9,2.9,54.7,51.8
"2024-02-18 14:00:00",67,68.7,12.3,415.1,226.1,2.6,52.1,51.6
"2024-02-18 14:05:00",67,69,12.3,419,227.1,2.4,53.1,49.9
"2024-02-18 14:10:00",67,69.3,12.4,421.6,238.4,2.2,54.4,47
"2024-02-18 14:15:00",67,68.8,12.4,425.7,237.6,2.6,51.9,48.2
"2024-02-18 14:20:00",66.8,67.6,12.3,418.4,207.5,2.8,51.7,48.7
"2024-02-18 14:25:00",67,68.3,12.2,417,216.3,2.6,51.6,47.3
"2024-02-18 14:30:00",67,68.8,12.2,415.8,221.2,2.3,54.5,46
"2024-02-18 14:35:00",67,69.2,12.3,416.5,229.7,2.3,53.6,46.1
"2024-02-18 14:40:00",67,69.3,12.3,417.6,232.1,2.2,53.3,45.8
"2024-02-18 14:45:00",67,68.1,12.2,416.4,211.6,2.8,52.8,40.5
"2024-02-18 14:50:00",67,68.1,12.1,416.3,207.4,2.6,52.9,32.8
"2024-02-18 14:55:00",67,69,12,415.3,216.4,2.4,52.1,35.3
"2024-02-18 15:00:00",67,69.2,12.1,420,230.7,2.1,52.9,33.8
"2024-02-18 15:05:00",67,69.2,12.3,423.4,229.1,2.3,52.3,28
"2024-02-18 15:10:00",67,68.6,12.2,421.3,221.2,2.9,52.7,25.7
"2024-02-18 15:15:00",67,68,12.2,418.7,208.5,2.9,52.3,29.6
"2024-02-18 15:20:00",67,68.7,12.1,420.3,220.2,4,51.9,28.4
"2024-02-18 15:25:00",67,69,12.2,421.4,228,2.5,52.5,32.6
"2024-02-18 15:30:00",67,69.4,12.2,420.5,232.5,2.4,51.9,26.9
"2024-02-18 15:35:00",67,69.1,12.2,422.5,229.5,2.5,51.8,24
"2024-02-18 15:40:00",67,68.2,12.1,424.8,208.3,3.7,51.9,19.8
"2024-02-18 15:45:00",66.9,68.7,12.1,421.1,217.6,6.2,53.6,33.7
"2024-02-18 15:50:00",67,69,12.2,420.1,224.4,5.2,62.5,35.3
"2024-02-18 15:55:00",66.4,69.2,12.4,424.9,232.9,8,62.8,36.6
"2024-02-18 16:00:00",66.7,68.9,12.5,430.8,230.3,6.2,62.4,32.4
"2024-02-18 16:05:00",67,68.1,12.2,431.4,212.1,3.9,52.5,28.9
"2024-02-18 16:10:00",67,68.4,12.2,433,210.7,3.3,52.7,27.9
"2024-02-18 16:15:00",67,69.2,12,431.4,219.1,3.2,52.8,29.3
"2024-02-18 16:20:00",67,69.4,12.1,430.2,230.1,2.6,52.5,28.2
"2024-02-18 16:25:00",67,69.5,12.2,429.1,232.2,2.2,52.8,25.8
"2024-02-18 16:30:00",67,68.4,12.2,430.2,214,2.6,53.4,25.1
"2024-02-18 16:35:00",66.7,68.1,12.2,426.2,209.3,4.8,53.7,25.1
"2024-02-18 16:40:00",66.4,68.5,12.3,424.4,220.6,8.3,52.6,15.8
"2024-02-18 16:45:00",67,69.2,12.2,423.3,226.3,4.2,49.8,1.3
"2024-02-18 17:00:00",67,68,11.9,419.6,204.1,2.4,49.7,0
"2024-02-18 17:05:00",67,68.5,11.9,409.9,209.2,2.3,49.7,0
"2024-02-18 17:10:00",67,68.7,11.9,407.7,213.7,2,49.8,0
"2024-02-18 17:15:00",67,69.2,11.9,406.6,223.7,2.1,49.7,0
"2024-02-18 17:30:00",66.2,67.3,12.1,407.2,202.7,2.8,49.8,0
"2024-02-18 17:35:00",65.8,66.7,12.2,408.1,192.9,3.3,49.7,0
"2024-02-18 17:40:00",65.2,66.4,12.4,408.2,194.4,3,49.7,0
"2024-02-18 17:45:00",64.9,66,12.6,409.3,196.5,2.9,49.7,0
"2024-02-18 18:00:00",64.5,65.7,12.8,409.1,197.6,3.1,49.7,0
"2024-02-18 18:25:00",64,65.4,13,404.7,201.1,3.1,50.2,0.9
"2024-02-18 18:30:00",64.4,65.5,13.1,406.9,202.5,3.5,51.3,10.6
"2024-02-18 18:35:00",65.8,66.8,12.6,413.7,209.9,3.3,54,13.3
"2024-02-18 18:40:00",65.8,66.8,12.8,416.4,215.7,3.4,52.8,13.6
"2024-02-18 18:45:00",65.6,67.1,13.1,421.1,228.1,6.6,54.3,12.6
"2024-02-18 18:50:00",65.1,67.9,14.1,458.3,257.4,17,55.7,11.5
"2024-02-18 18:55:00",62.3,68.5,14.9,504,276.9,32.1,60.4,45.3
"2024-02-18 19:00:00",64.8,69,14.9,529.8,277.6,21.6,65.4,72.3
"2024-02-18 19:05:00",61.2,69,15.4,569.6,284.5,37,65.2,70.2
"2024-02-18 19:10:00",65.4,68.4,14.2,573.5,228.4,11.4,66.8,69.7
"2024-02-18 19:15:00",66.9,67.4,13.8,510.6,229.6,5.5,66.7,70.8
"2024-02-18 19:20:00",65.1,66.6,13.9,479.4,228.6,8.1,65.9,68
"2024-02-18 19:25:00",66.2,66.9,14,475.9,249.9,6.2,63.9,67.4
"2024-02-18 19:30:00",66.8,68,14,489.8,258.8,9,65.6,66.7
"2024-02-18 19:35:00",65.5,69,14,512.8,276.2,14.3,63.8,66.2
"2024-02-18 19:40:00",66.9,69,14.1,534.9,279.3,5.5,61.7,66
"2024-02-18 19:45:00",66.4,68.2,13.8,518.9,250.6,8.5,67.2,64.5
"2024-02-18 19:50:00",66.9,67.5,13.9,490,254,5.4,66.9,64.5
"2024-02-18 19:55:00",66.6,66.9,14,471.8,235.9,5.1,66.5,57.7
"2024-02-19 08:00:00",67.6,67.9,13.5,431.4,238,0.9,55.3,84.7
"2024-02-19 08:05:00",66.9,67.6,12.9,446.2,221,1.1,54.3,84.4
"2024-02-19 08:10:00",66.5,67.4,12.8,444.6,227.6,1.4,54.9,84.4
"2024-02-19 08:15:00",66.4,67.5,12.9,446.2,234.9,3.3,54.6,83.6
"2024-02-19 08:20:00",66.1,67.8,13.3,454.5,250.7,6.6,54.4,82.3
"2024-02-19 08:25:00",67.2,68.1,13.4,461.5,257.2,2.9,53.7,80.6
"2024-02-19 08:30:00",67.4,68.2,13.6,470.1,265.1,1.9,55,86.3
"2024-02-19 08:35:00",67,68.1,12.8,470.7,240.8,1.1,54.2,82.9
"2024-02-19 08:40:00",66.6,67.8,12.1,456.6,221.1,2.4,54.9,80.3
"2024-02-19 08:45:00",66.5,67.7,12,443.9,216.2,1.1,54.4,80.5
"2024-02-19 08:50:00",66.4,67.6,12.1,440.2,217,2.3,55.8,83.4
"2024-02-19 08:55:00",67,67.8,12.6,448.6,230.1,0.9,51.1,86.4
"2024-02-19 09:00:00",67,68,12.8,452.4,240.6,0.7,51.1,86.7
"2024-02-19 09:05:00",67,68.1,12.8,448.4,242.3,0.5,51,86.8
"2024-02-19 09:10:00",67,68,12.2,438.3,220.4,0.6,50.9,86.7
"2024-02-19 09:15:00",66.5,67.7,11.7,423.1,204.3,0.5,50.9,86.4
"2024-02-19 09:20:00",66.3,67.5,11.7,416.3,204.6,0.6,50.9,86.5
"2024-02-19 09:25:00",66.8,68,11.7,413.6,212,0.5,50.8,86.5
"2024-02-19 09:30:00",67,68,12.1,413.2,220.2,0.7,51,86.6
"2024-02-19 09:35:00",67,68.1,12.2,413.6,227,0.2,51.3,86.6
"2024-02-19 09:40:00",67,68.1,12.1,412.7,227.1,0.3,51,86.8
"2024-02-19 09:45:00",66.4,67.9,11.3,412.9,205.6,0.7,51.7,82.5
"2024-02-19 09:50:00",66.2,67.8,11.4,417.2,212.1,1.2,53.5,97.8
"2024-02-19 09:55:00",65.7,67.3,11.7,430.6,216.8,4.2,54.3,93.2
"2024-02-19 10:00:00",65.6,67.8,12.5,468.7,241.4,8.4,64.9,88.2
"2024-02-19 10:05:00",57.6,68.9,13.3,521.3,273.1,41.1,66.5,85.8
"2024-02-19 10:10:00",60.6,69.2,13.4,569.3,283.2,26.1,63.5,90.5
"2024-02-19 10:15:00",62.9,69.3,13.3,590.1,281.1,14.3,62.9,96.9
"2024-02-19 10:20:00",63.1,69,12.8,573.2,262.2,14.5,62.6,95.5
"2024-02-19 10:25:00",63.7,68.6,12.7,558.1,252.9,13.4,62.9,89.3
"2024-02-19 10:30:00",65.4,68.5,12.6,546.7,247.6,7.4,60.6,97.3
"2024-02-19 10:35:00",63.2,69.3,13,555.7,268.4,15.7,60.1,96.2
"2024-02-19 10:40:00",62.3,69.7,13.5,588,289.5,17.6,60.7,95.1
"2024-02-19 10:45:00",61.2,69.4,13.2,599.8,268.9,19.6,61.1,97
"2024-02-19 10:50:00",64.2,69.1,12.4,575.3,248.7,8.3,60.6,95.7
"2024-02-19 10:55:00",65.7,68.1,11.4,528.4,223.9,2.3,57.5,100.3
"2024-02-19 11:00:00",66,67.7,11,478.4,214.2,1.1,53.9,100.8
"2024-02-19 11:05:00",65.6,67.6,10.9,454,213.5,0.8,51.8,100.8
"2024-02-19 11:10:00",66.1,68.6,11.2,446.5,219.6,0.6,52.4,100.9
"2024-02-19 11:15:00",66.3,68.7,11.5,449.4,231.4,0.7,52.4,101.1
"2024-02-19 11:20:00",66.5,68.9,11.7,451.9,238.4,0.4,52.2,101.3
"2024-02-19 11:25:00",66.3,68.6,11.1,451.7,216.5,0.3,51.9,101.2
"2024-02-19 11:30:00",66,68,10.6,437.7,213.6,0.6,51.8,101
"2024-02-19 11:35:00",66,67.8,10.6,429.4,209.6,0.7,52,100.7
"2024-02-19 11:40:00",65.1,67.4,10.6,427.6,208.4,0.5,52.3,100.6
"2024-02-19 11:45:00",66,68.2,10.7,427.3,217.3,0.7,52.5,99.9
"2024-02-19 11:50:00",66,68.5,11,432,224.5,0.7,52.6,97.8
"2024-02-19 11:55:00",66,69,11.3,440,234.7,1.1,52.2,80.1
"2024-02-19 12:00:00",66.1,68.8,11.2,446.3,227.5,0.9,53,76.9
"2024-02-19 12:05:00",66,68.4,10.8,449.6,213.1,1.5,51.8,77.4
"2024-02-19 12:10:00",66,67.9,10.8,451.1,215.8,0.8,52.1,79.5
"2024-02-19 12:15:00",66,68.2,10.9,454.8,221.2,0.9,53.4,79.2
"2024-02-19 12:20:00",66,69.2,10.9,462.3,227.3,0.9,52.8,77.2
"2024-02-19 12:25:00",66,69.5,11,470.2,236.4,1,52,77.5
"2024-02-19 12:30:00",65.9,68.7,10.9,473,219.5,1.4,53.2,77
"2024-02-19 12:35:00",66,68.1,10.7,466.6,215.1,1,53.1,78.6
"2024-02-19 12:40:00",66,68.4,10.8,463.1,222.5,0.9,52.4,77.5
"2024-02-19 12:45:00",66,69.3,10.8,464.9,232.6,0.9,52.4,78.3
"2024-02-19 12:50:00",65.9,69.5,11.2,478.1,239.1,2.3,62.7,69.8
"2024-02-19 12:55:00",64,69.4,11.6,507,250.4,13.5,65.5,179.1
"2024-02-19 13:00:00",65,69,12,549,256.8,5.2,64.6,190.3
"2024-02-19 13:05:00",64.3,68.7,11.9,564,246.5,6.6,64.8,199.7
"2024-02-19 13:10:00",63.1,68.6,12.1,569.5,261.7,12.3,63.2,188.5
"2024-02-19 13:15:00",59.8,68.3,12.2,571.5,253.9,24.8,62.5,197.8
"2024-02-19 13:20:00",61.7,68.4,12.3,578.6,256.9,17,62.4,178.9
"2024-02-19 13:25:00",64.4,68.2,11.7,568.5,251.2,5.7,64,192.9
"2024-02-19 13:30:00",64.6,68,11.4,562.4,241.7,6.2,63.5,194.1
"2024-02-19 13:35:00",62.4,68.5,11.4,557.5,256.2,13.5,62,190.2
"2024-02-19 13:40:00",62.5,68.6,11.4,563.9,250.3,14,61.8,176.3
"2024-02-19 13:45:00",62.8,68.5,11.6,566.6,252.3,13.5,63.8,165.8
"2024-02-19 13:50:00",61.2,68.5,11.3,564.1,255.7,18.7,64.2,182.2
"2024-02-19 13:55:00",57.5,67.9,10.6,549.8,203.9,58.5,58.7,203.6
"2024-02-19 14:00:00",64.4,67.4,9.8,500.3,217.3,4.9,51.4,211.4
"2024-02-19 14:05:00",64,67.1,9.5,461.3,211.9,1.7,50.1,209.4
"2024-02-19 14:10:00",64.8,68,9.6,442.9,229.3,1.1,50.4,207.4
"2024-02-19 14:15:00",65.3,68.5,9.9,440.4,233.1,1.2,51,202.5
"2024-02-19 14:20:00",65.6,68.8,10,440.2,233.2,1.5,51.1,200.3
"2024-02-19 14:25:00",65.6,69,10.2,441.4,242.9,1.3,51.2,198.6
"2024-02-19 14:30:00",65.3,68.8,9.8,439.8,224.9,0.7,51.2,196.9
"2024-02-19 14:35:00",65,68.3,9,431.6,213.5,0.9,51.1,195.3
"2024-02-19 14:40:00",65,67.8,9,424.6,213,0.9,51.1,193.8
"2024-02-19 14:45:00",65,68.2,9.1,423.3,217.4,0.8,50.8,192.3
"2024-02-19 14:50:00",65,68.7,9.5,422.3,232.2,0.9,50.7,191.5
"2024-02-19 14:55:00",65,69.1,9.7,422.8,242,0.9,50.5,190.2
"2024-02-19 15:00:00",65,69.3,9.8,429.1,247,0.7,50.2,188.9
"2024-02-19 15:05:00",65,69,9.1,430.8,225.6,0.6,49.9,186.9
"2024-02-19 15:10:00",64.7,68.4,8.4,424.7,219.5,0.8,49.8,184.7
"2024-02-19 15:15:00",64.3,67.8,8.3,420.2,211.9,0.9,49.9,182.7
"2024-02-19 15:20:00",64.8,68.6,8.5,418,218.2,0.7,50,181.7
"2024-02-19 15:25:00",65,68.9,8.9,422.1,242,0.7,50,180.2
"2024-02-19 15:30:00",65,69.2,9.3,426.5,241.3,0.5,50.6,177
"2024-02-19 15:35:00",65,69.2,9.3,427.5,239.3,0.5,50.7,175.9
"2024-02-19 15:40:00",64.4,68.8,8.1,425.1,213.4,0.5,50.9,174.1
"2024-02-19 15:45:00",62.1,68.2,7.8,419.1,209.1,7.8,52.4,166.3
"2024-02-19 15:50:00",61.8,67.7,8,422.1,217.6,14.3,55.6,161.4
"2024-02-19 15:55:00",64.4,68.1,8.6,429.6,232.3,4.8,57.7,156.6
"2024-02-19 16:00:00",60.8,69.3,9.1,464.4,258,22.8,57.7,92.2
"2024-02-19 16:05:00",62.5,69.8,9.5,494.1,257.2,15.1,59.3,50.4
"2024-02-19 16:10:00",63.5,69.6,9.5,525.4,251.7,7.1,57.9,48.5
"2024-02-19 16:15:00",64,69.2,8.8,529,258,1.3,56.8,49.9
"2024-02-19 16:20:00",63.9,68.8,8.8,522.7,252,2.4,58.5,49.8
"2024-02-19 16:25:00",64,68.6,8.7,516.2,251.3,1.5,57,51.7
"2024-02-19 16:30:00",63.8,68.6,9,515.6,256.3,4.3,58.5,46.8
"2024-02-19 16:35:00",63.5,69.4,9.1,520.6,266.6,5.9,58.2,50.2
"2024-02-19 16:40:00",63.5,69.8,9.4,538.2,273.9,5.1,57.3,47.1
"2024-02-19 16:45:00",61.3,69.3,9.6,553.4,275.3,10.7,60.6,43.7
"2024-02-19 16:50:00",63.6,68.4,8.6,537.1,234.8,1.6,56.2,39.2
"2024-02-19 16:55:00",64,67.5,8.2,493.4,215.9,1.3,58.8,38.7
"2024-02-19 17:00:00",64.1,68.2,8.2,467.9,226.9,1.1,51.3,43.4
"2024-02-19 17:05:00",64.4,68.7,8.5,455.7,234.6,1,51.2,42.9
"2024-02-19 17:10:00",64.6,68.7,8.8,453.8,249,0.9,51.3,42.6
"2024-02-19 17:15:00",64.9,68.9,8.9,450.9,251.7,0.8,51.4,42.2
"2024-02-19 17:20:00",64.7,68.4,8.7,448.1,234.3,0.9,51.4,41.9
"2024-02-19 17:25:00",64,68,7.7,437.6,221.8,1.1,51.2,41.5
"2024-02-19 17:30:00",63.3,67.4,7.7,430.1,219.9,1.1,51.3,41.4
"2024-02-19 17:35:00",64,68.6,8,428.4,231.6,1.1,51.1,41.4
"2024-02-19 17:40:00",64.1,68.4,8.2,431.1,236.5,1,51.2,41.2
"2024-02-19 17:45:00",64.2,68.4,8.6,435.4,245.5,1,51.3,41.2
"2024-02-19 17:50:00",64.3,68.5,8.7,437.9,247.4,0.9,51.3,41.3
"2024-02-19 17:55:00",64.4,68.1,8.3,435,229.1,1,51.3,41.3
"2024-02-19 18:00:00",63.8,67.6,7.7,428.9,213,1,51.4,41.3
"2024-02-19 18:05:00",63.7,68,7.7,425.6,217,1.1,51.7,41.5
"2024-02-19 18:10:00",64,68.7,7.8,422.1,228.4,1,51.6,41.6
"2024-02-19 18:15:00",64,68.2,8.3,420.5,234,1,51.6,41.6
"2024-02-19 18:20:00",64.1,68.3,8.5,421.8,241.9,1,51.5,41.6
"2024-02-19 18:25:00",64.3,68.2,8.6,424.3,239.9,1,51.6,41.3
"2024-02-19 18:30:00",64.1,67.8,7.8,423.1,217.5,1,51.5,41
"2024-02-19 18:35:00",63.3,67.4,7.5,419.1,207.9,1.1,51.5,40.9
"2024-02-19 18:40:00",64,68.3,7.7,418.7,226.2,1.1,51.5,40.9
"2024-02-19 18:45:00",64,68.4,7.9,420.2,237.4,1,51.5,40.9
"2024-02-19 18:50:00",64,68.1,8.3,420.1,243.7,1.1,51.5,40.9
"2024-02-19 18:55:00",64,68.2,8.5,421.2,253.3,1,51.5,41
"2024-02-19 19:00:00",64.1,68.1,8.6,424.1,251.8,1,51.5,40.9
"2024-02-19 19:05:00",64.1,67.9,7.9,423.1,220.1,1.1,51.4,40.8
"2024-02-19 19:10:00",63.2,67.3,7.7,419.4,211.4,1.1,51.5,40.9
"2024-02-19 19:15:00",63.9,68,7.8,416.6,221.3,1.2,51.4,40.8
"2024-02-19 19:20:00",64,68.2,8,419.6,233.2,1.1,51.4,40.9
"2024-02-19 19:25:00",64,68,8.3,423.1,236.4,1,51.4,40.9
"2024-02-19 19:30:00",64,68.1,8.5,425,247.5,1,51.4,41
"2024-02-19 19:35:00",64.2,68.1,8.6,424.5,245.4,1,51.5,41
"2024-02-19 19:40:00",63.9,67.6,8.1,423.6,222,1.2,51.4,40.9
"2024-02-19 19:45:00",62.9,66.9,8.1,421.6,216,1.4,51.8,40.9
"2024-02-19 19:50:00",62.1,66.4,8.2,419.6,217.3,1.2,51.6,41
"2024-02-19 19:55:00",61.8,65.9,8.3,419.1,219.4,1.3,51.6,41
"2024-02-20 08:00:00",62.8,65.2,12.1,432.8,238.1,3.6,54.7,20.8
"2024-02-20 08:05:00",63.3,65.4,12.4,439.4,245.3,1.8,56.4,28
"2024-02-20 08:10:00",63.9,65.6,12.5,451.5,254.5,1.6,55.4,27.9
"2024-02-20 08:15:00",64,66,12.6,461.6,254.5,1.4,55.3,28.2
"2024-02-20 08:20:00",64.1,66.2,12.6,468.3,263.1,1.2,56.1,29
"2024-02-20 08:25:00",63.9,66.2,11.8,468.8,254,1.3,55.8,28.9
"2024-02-20 08:30:00",63,65.8,10.6,460.8,237.9,1.8,55.1,28.9
"2024-02-20 08:35:00",62.4,65.4,11,454.9,242.5,1.6,55.1,28.7
"2024-02-20 08:40:00",63.2,65.8,11.5,455.4,254.1,1.9,54.7,28.8
"2024-02-20 08:45:00",64,66,11.8,459.2,258.8,1.3,54.9,28.9
"2024-02-20 08:50:00",63.8,66.4,12.1,465.8,266.6,5.1,53.6,26.2
"2024-02-20 08:55:00",64,66.4,12.1,471,265.1,1.6,51.8,26.2
"2024-02-20 09:00:00",64.1,66.4,11.4,468.4,240.6,1.9,52.1,26.2
"2024-02-20 09:05:00",62.8,65.9,10.3,445.1,227.8,1.4,51.9,25.9
"2024-02-20 09:10:00",62.8,65.7,10.6,432.4,231.4,1.5,51.8,25.9
"2024-02-20 09:15:00",63.1,66,11.1,428.7,242.2,1.3,51.8,26.2
"2024-02-20 09:20:00",63.8,66.2,11.4,428.4,248.8,1.4,51.8,26.5
"2024-02-20 09:25:00",64,66.3,11.5,429.3,252.8,1.1,51.8,26.8
"2024-02-20 09:30:00",64,66.5,11.6,430,259.8,1.1,51.7,27
"2024-02-20 09:35:00",63.8,66.8,11.3,433,256,4.8,52,26.2
"2024-02-20 09:40:00",63.2,66.4,10.2,432.2,232.3,3.4,51.9,26.1
"2024-02-20 09:45:00",63,66,10.3,430.4,231,1.8,52.6,26.1
"2024-02-20 09:50:00",63.8,66.6,10.6,433,242.1,3.8,53.9,29.1
"2024-02-20 09:55:00",64.2,67,11.2,440.7,256.4,5.9,56.2,39.2
"2024-02-20 10:00:00",62,67.5,11.9,485.5,266.1,19.7,63.6,114.2
"2024-02-20 10:05:00",58.9,68.1,12.6,549.6,293.8,30.4,64.6,114.5
"2024-02-20 10:10:00",59.6,68.1,12.2,581.8,283.8,24.3,62.5,123.3
"2024-02-20 10:15:00",62.4,67.7,11.8,561.5,264.7,14.4,61.9,110.3
"2024-02-20 10:20:00",63,67.8,11.9,549.3,298.7,12,61,99.4
"2024-02-20 10:25:00",61.7,68.3,12.4,565.7,305.6,18,62.2,63
"2024-02-20 10:30:00",58.3,68.6,12.8,590.4,320.5,29.3,62.1,60.4
"2024-02-20 10:35:00",58.1,68.6,12.5,613.1,337.7,26.2,60,62.9
"2024-02-20 10:40:00",61.1,68.2,12,582.7,294.6,17.4,60.7,56.7
"2024-02-20 10:45:00",61.8,68,12.2,554.6,271.6,18.8,61.3,54.3
"2024-02-20 10:50:00",60.7,68.5,12.5,545.2,292.5,24,59.5,60.8
"2024-02-20 10:55:00",64.1,68,12.1,562.5,288.8,8.6,51.2,71
"2024-02-20 11:00:00",65,68,12.1,557.7,284.6,4.8,51,71.2
"2024-02-20 11:05:00",65,67.7,10.8,519.3,242.5,2,51.2,71.3
"2024-02-20 11:10:00",64.6,67.2,10.3,468,229.3,1.5,51.2,71.2
"2024-02-20 11:15:00",64,66.6,10.4,448.3,233.3,1.9,51.1,71.1
"2024-02-20 11:20:00",64.9,67.2,10.7,445.3,244.6,1.3,51,71.1
"2024-02-20 11:25:00",65,67.4,11.1,446.3,249.3,1.6,51,71
"2024-02-20 11:30:00",65.8,67.7,11.2,452.7,254.6,1.1,51.1,71.1
"2024-02-20 11:35:00",66,67.8,11.3,458.8,254.7,1.3,51,71.1
"2024-02-20 11:40:00",65.4,67.7,10.7,454.8,233,1.7,51.1,70.8
"2024-02-20 11:45:00",64.9,67.2,10.6,445.8,225.4,1.6,51.1,70.6
"2024-02-20 11:50:00",64.3,66.9,10.6,442.7,225.8,1.6,51.9,70.1
"2024-02-20 11:55:00",64.7,67,10.9,443.4,233.6,3,52.4,63.5
"2024-02-20 12:00:00",65.3,67.4,11.2,451.3,249.6,2,52.9,75.3
"2024-02-20 12:05:00",64.3,68.1,11.5,471.6,259.3,11,53.8,71.3
"2024-02-20 12:10:00",66,68.1,11.6,492.8,261.6,2.2,54.3,69.7
"2024-02-20 12:15:00",66,68,11.3,496.6,246.4,1.2,55.1,70.3
"2024-02-20 12:20:00",65.2,67.3,11.2,486,233.7,1.6,52.8,71.2
"2024-02-20 12:25:00",64.8,66.8,11.3,477.9,232.4,1.4,54.8,71.1
"2024-02-20 12:30:00",64.5,66.7,11.5,473.9,239.3,1.7,54.7,70.1
"2024-02-20 12:35:00",65.5,67.4,11.6,476.4,252.9,1.3,53.9,70.9
"2024-02-20 12:40:00",66,67.8,11.8,484.8,265,1.3,54.2,69.7
"2024-02-20 12:45:00",66.1,68.1,11.9,493.7,266.5,1.1,54.6,70.6
"2024-02-20 12:50:00",65.5,68.1,11.3,489.7,243,4.6,57.2,68.8
"2024-02-20 12:55:00",65.8,67.5,11.7,490.5,236.6,6.1,65,62.3
"2024-02-20 13:00:00",64.6,67.6,12.8,527.8,248.9,9.7,65.7,66
"2024-02-20 13:05:00",64.4,67.5,12.9,555.5,252.1,7.7,66.9,66.9
"2024-02-20 13:10:00",62.8,67,12.8,554,257,9.6,64.5,170.9
"2024-02-20 13:15:00",58.3,67,13.1,548.5,262.7,29.5,63.4,171.6
"2024-02-20 13:20:00",62,67,13.2,543.6,253.6,17.4,65,158.4
"2024-02-20 13:25:00",62.1,67,13.1,546.5,253.1,17.3,62.5,175.9
"2024-02-20 13:30:00",61,67.2,13.5,556.5,251.9,22.6,63.2,174.1
"2024-02-20 13:35:00",59.5,67.2,13.4,559.6,259.1,26.2,61,168.6
"2024-02-20 13:40:00",63.9,67.1,13.1,544.8,254.7,9.7,62.8,166.8
"2024-02-20 13:45:00",63.6,67.3,13.4,544,247.6,13.3,65.3,148
"2024-02-20 13:50:00",62.4,66.9,13.2,545.3,253.8,14.9,61.3,153.3
"2024-02-20 13:55:00",56.9,66.5,12.8,524.7,249.7,55.3,59.1,159.3
"2024-02-20 14:00:00",63.9,66.5,12.6,503.7,238.3,10.1,59.2,152.2
"2024-02-20 14:05:00",60.6,67.4,13.3,516.7,264.2,26.2,60.7,154.5
"2024-02-20 14:10:00",34,68.4,13.8,577.7,289.2,165.4,61.3,140.2
"2024-02-20 14:15:00",50.9,68.6,13.8,578.7,286.5,59,59.9,153.4
"2024-02-20 14:20:00",59.1,68.9,14.2,580.8,289.8,33.3,60.6,142
"2024-02-20 14:25:00",62.5,68.5,12.8,552.4,255.2,18.4,60.5,145.4
"2024-02-20 14:30:00",64.5,67.9,12.7,515.5,251,12.6,60.4,132.4
"2024-02-20 14:35:00",61.7,67.5,12.9,550.3,247.1,19.3,60.5,145.8
"2024-02-20 14:40:00",58.5,67.2,12.7,500.1,239.8,33.8,61,141.2
"2024-02-20 14:45:00",64.3,66.9,12.4,478.9,239.9,9.8,56.5,158.8
"2024-02-20 14:50:00",65.9,67.5,12.4,478.8,250.2,6.6,53.8,157.4
"2024-02-20 14:55:00",66.8,67.8,12.5,480.4,257.8,3.8,51.3,173.4
"2024-02-20 15:00:00",67,68.1,12.5,481.1,263.7,2.4,50.7,174.6
"2024-02-20 15:05:00",67,68.2,12.1,472.3,247.2,1.3,50.6,173.2
"2024-02-20 15:10:00",66.3,67.7,11.7,452,225.6,1,50.7,171.6
"2024-02-20 15:15:00",66,67.3,11.8,440.3,223.7,1.1,50.7,170.3
"2024-02-20 15:20:00",65.7,67.2,11.8,435.2,219.6,1.1,50.7,170.1
"2024-02-20 15:25:00",65.7,67.4,11.8,436.3,228.4,1.2,51,169.4
"2024-02-20 15:30:00",66.6,67.9,11.9,434.6,247.1,1.1,50.9,167.4
"2024-02-20 15:35:00",67,68.2,12.1,436.6,255.6,1.1,50.7,166.4
"2024-02-20 15:40:00",66.9,68.4,12.2,445.4,260.7,1,50.6,165.6
"2024-02-20 15:45:00",66.5,68.3,11.5,445.9,233.7,1,50.6,162.1
"2024-02-20 15:50:00",66.1,67.7,11.6,438.3,224.1,1,51.2,156.9
"2024-02-20 15:55:00",65.9,67.5,11.8,438,225.3,4,58.2,70
"2024-02-20 16:00:00",66.1,67.5,12.2,463.7,237.2,3,61.9,42.1
"2024-02-20 16:05:00",66.2,67.5,12.6,501.4,242.2,1.6,56.3,42.4
"2024-02-20 16:10:00",66,67.3,12.8,511.2,252.5,1.3,57.2,44
"2024-02-20 16:15:00",65.6,67.2,12.8,514.4,253.9,1.4,57.2,43.6
"2024-02-20 16:20:00",66,67.4,13,519.6,267.3,1.2,57.2,42.4
"2024-02-20 16:25:00",66,68,13.1,537,282,1.2,57.8,44.4
"2024-02-20 16:30:00",65.6,68.5,13.4,560.9,298.2,1.6,59.1,50.8
"2024-02-20 16:35:00",65,68.4,12.9,573,282.6,1.6,58.8,48.6
"2024-02-20 16:40:00",65.8,68.2,12.7,543.1,261.7,1.9,59.4,49.4
"2024-02-20 16:45:00",66,67.9,12.7,526.3,265.6,1.1,59.1,45.5
"2024-02-20 16:50:00",65.7,67.7,12.7,519.4,274.2,4.3,57.5,42.9
"2024-02-20 16:55:00",65.8,67.2,12.3,497.8,256.6,1.4,51.6,43.1
"2024-02-20 17:00:00",65.9,67.3,12.4,476,254,1.2,51.8,42.9
"2024-02-20 17:05:00",66.1,67.7,12.5,472,265.3,1,51.3,42.5
"2024-02-20 17:10:00",66.8,67.9,12.6,468,267.7,1,51.2,42.2
"2024-02-20 17:15:00",66.9,67.9,12.6,464.7,270.9,1,51.2,41.9
"2024-02-20 17:20:00",66.4,67.8,12.1,455.5,255.6,1.2,51.3,41.5
"2024-02-20 17:25:00",65.6,67.3,11.8,443.3,252,1.1,51.4,41.3
"2024-02-20 17:30:00",65,66.9,11.9,436.9,266,1,51.6,41.1
"2024-02-20 17:35:00",65.3,67.2,12,433.3,278.8,1.2,51.5,41
"2024-02-20 17:40:00",66,67.5,12.2,432.2,276.7,1,51.4,40.9
"2024-02-20 17:45:00",66,67.7,12.3,437.1,275.9,1,52.3,40.9
"2024-02-20 17:50:00",66.4,67.8,12.3,441.4,268,1.7,55.8,40.8
"2024-02-20 17:55:00",65.6,67.6,12.3,452.6,253.3,7.5,61,50.1
"2024-02-20 18:00:00",65.6,67,12.6,474.6,261.6,4.8,57.2,63.1
"2024-02-20 18:05:00",65.5,67,12.9,494.7,280.1,3.8,60.4,68
"2024-02-20 18:10:00",65.9,67.5,13.1,517.9,308.8,3.7,59.4,68.1
"2024-02-20 18:15:00",65.6,68,13.2,541,324.4,2.8,59.2,67.9
"2024-02-20 18:20:00",64.7,68.2,13.2,561.3,317.3,4.2,58.6,67.5
"2024-02-20 18:25:00",65.9,68,12.9,543.5,284.6,2.8,58.9,72.8
"2024-02-20 18:30:00",66,67.5,12.8,524.5,272.1,2.5,58.8,70.8
"2024-02-20 18:35:00",65.5,67.3,13.2,518.1,289.6,4.6,59.1,70.5
"2024-02-20 18:40:00",64.9,66.9,13.4,524.4,315.7,6.2,58.5,65.2
"2024-02-20 18:45:00",64,66.6,13.6,529,328.9,5.8,58.6,67.5
"2024-02-20 18:50:00",64,66.5,13.6,531.5,324.6,4.8,58.5,65.3
"2024-02-20 18:55:00",64,66.4,13.6,526.4,301.4,3.8,57.9,66.5
"2024-02-20 19:00:00",64.1,66.4,13.8,527.1,308.7,3.5,58.2,65
"2024-02-20 19:05:00",64.3,67,13.8,545.5,330.4,3.1,56.5,66.8
"2024-02-20 19:10:00",64.8,67.6,13.8,568.6,342.6,2.7,56.5,68.4
"2024-02-20 19:15:00",64.6,68.1,13.9,594.4,348.4,2.9,56,68.4
"2024-02-20 19:20:00",63.9,67.7,13.8,595.4,320.4,5.5,69,66.2
"2024-02-20 19:25:00",63.8,66.8,13.9,576.5,312.5,5.2,68.9,61.2
"2024-02-20 19:30:00",63.2,66.1,13.9,546.2,305,7.6,66,55.8
"2024-02-20 19:35:00",63,65.3,13.9,521.6,291.2,5.1,56.2,62.6
"2024-02-20 19:40:00",64.3,66,13.8,507.8,296.7,3.7,51.7,62.6
"2024-02-20 19:45:00",65.1,66.7,13.7,506.2,308.8,3.6,50.8,62.6
"2024-02-20 19:50:00",65.8,67.1,13.7,506.3,313.3,3.2,50.8,62.7
"2024-02-20 19:55:00",66,67.3,13.7,507.6,319.8,3,53.5,62.6
"2024-02-21 08:00:00",68,67.4,15.1,489.8,336.4,4.1,51,69.5
"2024-02-21 08:05:00",67.9,67.4,14.9,490.3,333.3,4.9,51,73.9
"2024-02-21 08:10:00",66.8,66.6,14.8,487.4,322.2,6.3,50.8,75.4
"2024-02-21 08:15:00",66.7,65.9,15.2,483.2,319.9,6.1,50.9,78.6
"2024-02-21 08:20:00",67.1,67,14.8,485,328.1,6.1,50.8,81.6
"2024-02-21 08:25:00",67.6,67,15,485.1,333.9,4.9,50.8,84.9
"2024-02-21 08:30:00",68,67.2,15,487,341,4.9,50.9,85.7
"2024-02-21 08:35:00",68,67.4,15,488.9,342.4,4.7,50.9,86.3
"2024-02-21 08:40:00",68,67.5,15,490.8,339.1,4.6,51,88.9
"2024-02-21 08:45:00",67.2,67.3,14.6,483.7,318.5,6.5,50.7,92.3
"2024-02-21 08:50:00",66.6,66.5,14.7,475.1,308.5,6.3,50.7,95.3
"2024-02-21 08:55:00",66.9,66.8,14.7,467.5,306,6.1,50.5,97.1
"2024-02-21 09:00:00",67.4,67.1,14.8,467.9,312.1,5.3,50.6,95.2
"2024-02-21 09:05:00",68,67.3,14.8,470,316,4.7,50.8,94.6
"2024-02-21 09:10:00",68,67.5,14.7,469.7,319,4.3,51,95
"2024-02-21 09:15:00",68,67.6,14.7,469.8,316.3,4.3,50.8,97.6
"2024-02-21 09:20:00",67,67.4,14.1,464.4,294.7,4.9,50.5,96.6
"2024-02-21 09:25:00",66.9,66.5,14.7,461.8,300,6,50.6,93.6
"2024-02-21 09:30:00",67.3,66.8,14.8,468.5,310.1,5.7,50.5,98.2
"2024-02-21 09:35:00",67.7,67.2,14.7,471.3,315,4.8,50.5,99.6
"2024-02-21 09:40:00",68,67.4,14.8,470.9,315.9,4.1,51,100
"2024-02-21 09:45:00",68,67.6,14.7,469.4,317.7,3.4,51.5,101.1
"2024-02-21 09:50:00",66.5,67.8,14.6,468.4,310.4,8.8,53.5,99
"2024-02-21 09:55:00",66.2,67.9,13.9,470,276.5,10,55,102
"2024-02-21 10:00:00",66.8,67.5,14.5,497.8,288,9.6,62.8,122.5
"2024-02-21 10:05:00",66.1,67.6,15.2,527,302.8,16.1,63.9,80
"2024-02-21 10:10:00",64.4,68.5,15.6,572.6,327.6,22.1,62.6,114.7
"2024-02-21 10:15:00",62.9,69.3,16,633,347.5,26.2,59,108.2
"2024-02-21 10:20:00",63.8,69,15.8,637.5,319.8,21.7,61.1,108
"2024-02-21 10:25:00",62.5,68.5,15.7,601.9,307.8,33.4,61.6,117.7
"2024-02-21 10:30:00",64.6,68.1,15.9,582.9,303,23.1,60.8,116.2
"2024-02-21 10:35:00",61.5,68.1,16.5,582.3,307.4,37.1,59.8,109
"2024-02-21 10:40:00",64.8,68.9,17.1,603.9,328.3,28.4,61.7,84
"2024-02-21 10:45:00",65.2,69.3,17.5,632.4,327.3,29.5,61.4,104
"2024-02-21 10:50:00",68,68.9,16.8,612.1,300.2,13.6,65.4,111.2
"2024-02-21 10:55:00",67.6,68.2,16.8,590.2,304.8,15.4,66,111.7
"2024-02-21 11:00:00",69.5,67.9,16.5,581.9,293.8,7.8,56.4,117.4
"2024-02-21 11:05:00",69.6,67.9,16.6,584.9,293.2,7.3,51.9,118.1
"2024-02-21 11:10:00",70,67.7,16.8,579.5,293.5,5.5,51.2,118.7
"2024-02-21 11:15:00",70.8,67.5,17.1,567.4,312.5,3.5,52.3,115.8
"2024-02-21 11:20:00",70.3,67.3,17.3,563.7,317.9,7.6,58.5,107.5
"2024-02-21 11:25:00",70.3,66.9,17.1,552.2,297.5,4.7,57.5,112.5
"2024-02-21 11:30:00",70.2,66.9,16.7,514.6,282.4,6.6,56.9,113.5
"2024-02-21 11:35:00",71.7,67.7,16.4,495.1,290.5,4.2,50.3,119.1
"2024-02-21 11:40:00",71.9,67.9,16.4,493,288.4,3.9,50.8,119.3
"2024-02-21 11:45:00",71.9,68.1,16.4,492.2,293.3,4.3,50.5,118.7
"2024-02-21 11:50:00",72,68,16.2,484.8,271.1,2.5,50.2,115.6
"2024-02-21 11:55:00",70.7,67.6,16.4,472.2,263.3,8.2,52.3,86.5
"2024-02-21 12:00:00",71.2,67,16.6,478.6,259.8,2.9,56,64.5
"2024-02-21 12:05:00",71.2,67.2,16.5,487.7,270,2.3,54.3,64.1
"2024-02-21 12:10:00",71.9,67.7,16.4,493.9,280.2,2.2,54.9,63.5
"2024-02-21 12:15:00",72,68,16.5,509.8,286.6,2.1,54.7,64.3
"2024-02-21 12:20:00",71.7,68.2,16.5,522.5,291,1.7,54.9,63.9
"2024-02-21 12:25:00",71.9,68.1,16.4,512.4,272.3,2.2,55,64.7
"2024-02-21 12:30:00",72,67.7,16.6,500.9,263.6,2.4,55.6,65.1
"2024-02-21 12:35:00",72,67.3,16.7,492.6,266.5,2.8,52.7,57.4
"2024-02-21 12:40:00",71.3,66.9,16.8,489.4,261.3,2.4,52.2,64.9
"2024-02-21 12:45:00",71.4,67,16.7,483.9,266.9,2.3,53.3,65
"2024-02-21 12:50:00",72,67.8,16.5,490.8,283.8,2.7,53.3,57.1
"2024-02-21 12:55:00",72,68,16.5,504.3,291.4,4.4,49.7,58
"2024-02-21 13:00:00",72,68,16.5,510,285.7,2.5,49.8,58.1
"2024-02-21 13:05:00",71.6,67.9,16.1,487.6,264.3,2.3,49.7,57.8
"2024-02-21 13:10:00",70.9,67.3,16.1,459.8,252.2,2.1,49.5,56.4
"2024-02-21 13:15:00",70.5,66.8,16.3,445,247.9,2.1,49.5,56.4
"2024-02-21 13:20:00",71,67.2,16.2,440,260.2,1.9,49.4,54.8
"2024-02-21 13:25:00",71,67.5,16.2,442.1,269.3,1.7,49.4,55.1
"2024-02-21 13:30:00",71.1,67.7,16.2,443.2,276.9,1.6,49.3,57
"2024-02-21 13:35:00",71,67.9,16,442.4,271.2,1.7,49.3,57.8
"2024-02-21 13:40:00",70.8,67.6,15.7,437.2,246.6,2,49.3,56.3
"2024-02-21 13:45:00",70,67.1,15.8,437.8,248.3,2.1,49.6,55.7
"2024-02-21 13:50:00",70,66.8,16.1,435.5,245.2,2.1,49.6,57
"2024-02-21 13:55:00",70.8,67.3,16,434.4,250.2,1.9,49.5,56.5
"2024-02-21 14:00:00",71,67.6,16,433.8,262.6,1.7,49.2,56.4
"2024-02-21 14:05:00",71,67.7,16,433.9,268.9,1.5,49.2,56.2
"2024-02-21 14:10:00",71,67.9,15.9,435.7,263.3,1.8,49.6,54.8
"2024-02-21 14:15:00",70.9,67.5,15.8,436.9,240.7,2.2,49.4,55.2
"2024-02-21 14:20:00",70.1,67,15.9,436.3,242.2,2.2,49.5,55.4
"2024-02-21 14:25:00",70,66.8,15.9,436.1,241.4,2.3,49.6,55
"2024-02-21 14:30:00",70.6,67.5,15.8,436.9,252.2,2,49.4,54.6
"2024-02-21 14:35:00",71,67.6,15.8,436.7,261.7,1.8,49.3,55.2
"2024-02-21 14:40:00",71,67.8,15.9,435.7,269.5,1.8,49.4,55.4
"2024-02-21 14:45:00",71,67.9,15.8,436.9,266.8,1.4,49.3,55.3
"2024-02-21 14:50:00",70.3,67.7,15.5,436.1,244.6,2,49.6,55.3
"2024-02-21 14:55:00",70,67.2,15.6,433.5,243.8,1.9,50.4,55.5
"2024-02-21 15:00:00",70,66.9,15.8,433.1,246.6,2.2,52,55.1
"2024-02-21 15:05:00",70,67.1,15.8,434.9,252.4,2.3,53.1,54.1
"2024-02-21 15:10:00",70.6,67.9,15.6,439.1,266.2,3.5,55.3,53.4
"2024-02-21 15:15:00",70.6,68.2,15.5,443.2,275.2,3.2,50.3,53.7
"2024-02-21 15:20:00",71,68,15.7,448.6,280.3,3,49.3,53.8
"2024-02-21 15:25:00",70.1,67.9,15.3,447.9,263.4,1.7,49.5,53.5
"2024-02-21 15:30:00",70,67.3,15.5,442.2,251.7,2.1,49.7,53.1
"2024-02-21 15:35:00",69.7,66.9,15.7,441.9,248.9,2,49.9,52.7
"2024-02-21 15:40:00",69.9,67.1,15.7,436.6,253.4,1.8,50.8,52.1
"2024-02-21 15:45:00",70.3,67.8,15.6,440.7,266.1,2.2,51.8,50.6
"2024-02-21 15:50:00",70.8,68.1,16,462.5,280.4,6.8,58.2,48.8
"2024-02-21 15:55:00",70.9,68.7,16.8,531.2,303.8,8.3,60.3,47.3
"2024-02-21 16:00:00",71,68.6,17.6,620,325.9,4.4,54.5,55.8
"2024-02-21 16:05:00",71,68.3,17.9,658.2,322.4,3.3,50.9,54.4
"2024-02-21 16:10:00",71,68.2,17.8,654,315.5,2.8,50.4,54
"2024-02-21 16:15:00",70.9,68.1,17.6,643,316.5,3.2,50.5,54.2
"2024-02-21 16:20:00",69.6,68.1,17.8,633.6,317.8,11.3,51.8,50.7
"2024-02-21 16:25:00",70.2,68.2,17.7,627,316.2,9.2,53.2,48.6
"2024-02-21 16:30:00",70.1,68,17.8,626.2,317.3,9.8,52.8,51
"2024-02-21 16:35:00",70.4,67.9,17.8,620.2,311.8,9.4,53.4,48.5
"2024-02-21 16:40:00",70.7,67.8,17.5,606.9,302.3,6,53.3,50.2
"2024-02-21 16:45:00",71,67.5,17.2,574.7,290.6,3.7,52.3,53.3
"2024-02-21 16:50:00",70.5,67.5,17.2,546,281.9,10.8,57.5,42.3
"2024-02-21 16:55:00",71.1,67.1,16.9,516.1,269.3,4.1,50.6,41.9
"2024-02-21 17:00:00",71.1,66.9,16.7,480.6,265,2.4,49.9,41.7
"2024-02-21 17:05:00",72,67.5,16.6,468.1,274.1,1.9,49.9,41.3
"2024-02-21 17:10:00",72,67.7,16.6,462.2,279.7,1.8,50.1,40.9
"2024-02-21 17:15:00",72,67.9,16.6,463,284.6,1.2,50,40.4
"2024-02-21 17:20:00",71.7,67.9,16.3,462.3,274.9,1.6,50,40.2
"2024-02-21 17:25:00",71,67.5,16.2,452.9,258.7,1.9,49.8,39.9
"2024-02-21 17:30:00",71,67.2,16.3,445.7,255.7,2,49.9,39.7
"2024-02-21 17:35:00",71,67.1,16.4,444.1,259.3,2,49.8,39.5
"2024-02-21 17:40:00",71.4,67.5,16.4,447.9,271.5,1.9,49.8,39.5
"2024-02-21 17:45:00",72,67.6,16.4,450,275.7,1.6,49.8,39.5
"2024-02-21 17:50:00",71.6,67.9,16.5,454.3,284.7,4.6,51.3,39.4
"2024-02-21 17:55:00",70.7,68.4,16.3,460.9,288.2,10.6,51.3,23.5
"2024-02-21 18:00:00",72.1,68.1,16.4,466.2,272.9,4.7,56.6,17.3
"2024-02-21 18:05:00",72.9,67.8,17,491.1,287.3,3.8,58.6,16.4
"2024-02-21 18:10:00",72.8,67.8,17.2,514.3,294.5,3.6,59.6,17
"2024-02-21 18:15:00",72.6,67.8,17.4,524.1,301,3.4,61.6,16.3
"2024-02-21 18:20:00",72.3,67.8,17.4,529,305.9,3.1,61.9,17.3
"2024-02-21 18:25:00",71.5,68.3,17.2,534,315.2,6.8,61.2,15.8
"2024-02-21 18:30:00",71.4,68.6,17.3,547,327.3,7.6,61.5,17.5
"2024-02-21 18:35:00",71.6,68.7,17.1,552.8,315.7,4.2,61.8,17.6
"2024-02-21 18:40:00",72,68.4,17.2,540.8,302.8,4.1,60.8,17.3
"2024-02-21 18:45:00",72.1,68.3,17.1,536.1,303,4.5,52.2,18.6
"2024-02-21 18:50:00",72.5,67.9,17.2,523.4,306.1,4.4,52.8,18.8
"2024-02-21 18:55:00",72.3,68,17.4,532,323.8,5,60.5,17.4
"2024-02-21 19:00:00",72,68.5,17.1,542.1,331.7,5,61.2,17.6
"2024-02-21 19:05:00",71.4,68.8,17.1,552.1,342.4,4,61.3,17.7
"2024-02-21 19:10:00",71.5,68.9,17.4,567,341.2,4.8,60.6,17.4
"2024-02-21 19:15:00",71.9,68.9,17.6,556.4,318.5,7.1,61.6,16.9
"2024-02-21 19:20:00",73,68.3,17.7,543.7,307.2,3.8,60.4,17.1
"2024-02-21 19:25:00",73.7,67.9,18.2,532.2,300.7,5,61.3,17
"2024-02-21 19:30:00",74.2,67.8,18.4,524.2,300.7,2.9,60.5,16
"2024-02-21 19:35:00",74.3,68.2,18.2,521.8,310.6,3.4,59.1,16.1
"2024-02-21 19:40:00",72.5,69.1,17.9,538.4,329.4,9,61.9,17.1
"2024-02-21 19:45:00",72.8,69,18.1,549.1,329.4,6.7,59.5,18.6
"2024-02-21 19:50:00",74.5,68.7,18.6,542.8,314.2,3.3,62,17.1
"2024-02-21 19:55:00",75,68,18.9,537.7,309.3,3.4,61.7,17.4
