"timestamp","score","temp","humid","co2","voc","pm25","lux","spl_a"
"2024-02-21T22:44:29.000Z",74,22.17,19.82,632,358,1,140,52.8
"2024-02-21T22:44:19.000Z",74,22.2,19.76,633,353,4,140,53
"2024-02-21T22:44:09.000Z",74,22.18,19.85,633,361,4,139.69,54
"2024-02-21T22:43:59.000Z",74,22.18,19.82,634,353,2,139.8,55.6
"2024-02-21T22:43:49.000Z",74,22.21,19.78,634,357,1,133.3,56.8
"2024-02-21T22:43:39.000Z",74,22.21,19.76,634,353,3,140.1,54.5
"2024-02-21T22:43:29.000Z",74,22.22,19.82,634,349,3,140.1,52.6
"2024-02-21T22:43:19.000Z",74,22.24,19.78,635,361,2,140.1,52.3
"2024-02-21T22:43:09.000Z",74,22.27,19.82,636,353,2,140.3,52.8
"2024-02-21T22:42:59.000Z",74,22.3,19.78,637,347,3,140.1,53.8
"2024-02-21T22:42:49.000Z",74,22.31,19.71,638,359,3,140.3,53.6
"2024-02-21T22:42:39.000Z",74,22.31,19.7,640,358,1,140.1,54.4
"2024-02-21T22:42:29.000Z",74,22.3,19.75,640,351,2,140.3,52.9
"2024-02-21T22:42:19.000Z",74,22.27,19.76,640,349,4,140.3,52.7
"2024-02-21T22:42:09.000Z",74,22.22,19.86,641,367,4,140.3,52.8
"2024-02-21T22:41:59.000Z",74,22.15,19.82,641,358,5,140.3,53.4
"2024-02-21T22:41:49.000Z",74,22.14,19.93,642,367,1,140.3,52.7
"2024-02-21T22:41:39.000Z",74,22.15,19.98,643,354,2,140.3,52.7
"2024-02-21T22:41:28.000Z",74,22.11,19.96,645,367,2,140.3,52.3
"2024-02-21T22:41:18.000Z",74,22.17,19.93,645,355,2,140.3,52
"2024-02-21T22:41:08.000Z",74,22.22,19.93,645,364,3,140.3,52.2
"2024-02-21T22:40:58.000Z",74,22.18,19.96,645,357,5,140.3,52.2
"2024-02-21T22:40:48.000Z",74,22.15,19.96,646,356,6,140.3,52.4
"2024-02-21T22:40:38.000Z",74,22.17,19.95,647,366,2,140.3,53
"2024-02-21T22:40:28.000Z",74,22.2,19.91,647,364,5,140.4,53
"2024-02-21T22:40:18.000Z",74,22.2,19.91,646,358,2,140.4,52.4
"2024-02-21T22:40:08.000Z",74,22.18,19.91,647,354,3,140.4,52.7
"2024-02-21T22:39:58.000Z",74,22.21,19.89,648,354,3,140.4,52.4
"2024-02-21T22:39:48.000Z",74,22.21,19.95,648,358,3,140.3,52.2
"2024-02-21T22:39:38.000Z",74,22.24,19.95,650,360,3,140.3,53
"2024-02-21T22:39:28.000Z",74,22.21,19.95,651,366,2,140.3,52.7
"2024-02-21T22:39:18.000Z",74,22.15,19.98,652,361,4,140.4,53.1
"2024-02-21T22:39:08.000Z",74,22.17,19.93,652,356,4,140.4,54.2
"2024-02-21T22:38:58.000Z",74,22.2,19.96,653,362,3,140.5,53.6
"2024-02-21T22:38:48.000Z",74,22.21,19.98,653,362,2,140.4,53.1
"2024-02-21T22:38:38.000Z",74,22.25,19.95,654,366,3,140.5,52.6
"2024-02-21T22:38:28.000Z",74,22.27,19.94,655,365,3,140.4,52.7
"2024-02-21T22:38:18.000Z",74,22.27,19.95,655,356,4,140.4,53
"2024-02-21T22:38:08.000Z",74,22.22,19.98,656,362,5,140.4,54.3
"2024-02-21T22:37:58.000Z",74,22.21,20.05,656,363,2,139.19,55.1
"2024-02-21T22:37:48.000Z",74,22.21,19.97,657,359,4,139.19,55.6
"2024-02-21T22:37:38.000Z",74,22.27,19.92,658,362,4,140.69,52.7
"2024-02-21T22:37:28.000Z",74,22.3,19.82,658,357,6,140.69,53.1
"2024-02-21T22:37:18.000Z",74,22.35,19.89,656,360,4,140.69,52.7
"2024-02-21T22:37:08.000Z",74,22.37,19.85,657,364,5,140.69,52
"2024-02-21T22:36:58.000Z",74,22.38,19.84,656,358,4,140.69,52.2
"2024-02-21T22:36:48.000Z",74,22.35,19.87,656,364,5,140.69,52.2
"2024-02-21T22:36:38.000Z",74,22.3,19.92,656,367,4,140.9,52.3
"2024-02-21T22:36:28.000Z",74,22.34,19.91,656,361,5,140.69,52.6
"2024-02-21T22:36:17.000Z",74,22.3,19.89,656,361,6,140.9,53.5
"2024-02-21T22:36:07.000Z",74,22.32,19.85,659,359,4,140.9,52.6
"2024-02-21T22:35:57.000Z",74,22.38,19.85,659,359,5,140.9,53.1
"2024-02-21T22:35:47.000Z",74,22.35,19.8,661,364,2,141,52.5
"2024-02-21T22:35:37.000Z",74,22.34,19.94,662,362,2,141,52.7
"2024-02-21T22:35:27.000Z",74,22.34,19.97,663,367,2,140.9,53.6
"2024-02-21T22:35:17.000Z",74,22.27,19.95,663,363,4,141,52.4
"2024-02-21T22:35:07.000Z",74,22.25,19.95,664,367,4,141,52.6
"2024-02-21T22:34:57.000Z",74,22.27,20,664,371,3,141,52.2
"2024-02-21T22:34:47.000Z",74,22.31,19.98,665,361,3,141,52.3
"2024-02-21T22:34:37.000Z",74,22.25,20.04,666,358,4,141.1,52.2
"2024-02-21T22:34:27.000Z",74,22.25,20.02,666,370,3,141.1,52.2
"2024-02-21T22:34:17.000Z",74,22.28,20.02,667,364,3,141.1,52.1
"2024-02-21T22:34:07.000Z",74,22.35,20.04,668,371,4,141.1,52.3
"2024-02-21T22:33:57.000Z",74,22.35,19.94,668,365,4,141.1,52.3
"2024-02-21T22:33:47.000Z",74,22.39,19.94,668,370,5,141.19,52.4
"2024-02-21T22:33:37.000Z",74,22.39,19.98,668,369,7,141.19,52.7
"2024-02-21T22:33:27.000Z",74,22.37,19.97,669,371,2,141.19,53.4
"2024-02-21T22:33:17.000Z",74,22.39,19.97,670,374,3,141.19,52.6
"2024-02-21T22:33:07.000Z",74,22.37,19.98,670,362,4,141.3,52.1
"2024-02-21T22:32:57.000Z",74,22.38,19.98,669,366,5,141.19,52.4
"2024-02-21T22:32:47.000Z",74,22.38,20.03,670,370,6,141.3,52.8
"2024-02-21T22:32:37.000Z",74,22.32,20.09,670,376,7,141.3,52
"2024-02-21T22:32:27.000Z",74,22.38,20.04,670,369,7,141.3,52.3
"2024-02-21T22:32:17.000Z",74,22.37,20.03,670,364,6,141.4,52.9
"2024-02-21T22:32:07.000Z",73,22.37,20.11,669,374,11,141.4,52.7
"2024-02-21T22:31:57.000Z",74,22.34,20.09,669,365,7,141.4,52.5
"2024-02-21T22:31:47.000Z",74,22.31,20.07,668,365,5,141.4,52.1
"2024-02-21T22:31:37.000Z",74,22.35,20.04,668,361,3,141.4,52.1
"2024-02-21T22:31:27.000Z",74,22.38,19.94,668,367,2,141.4,52.5
"2024-02-21T22:31:17.000Z",74,22.45,19.96,668,372,2,141.4,53
"2024-02-21T22:31:06.000Z",74,22.42,19.94,668,367,3,141.69,52.8
"2024-02-21T22:30:56.000Z",74,22.47,19.95,668,368,2,141.69,52.9
"2024-02-21T22:30:46.000Z",74,22.47,19.98,669,359,3,141.69,53.6
"2024-02-21T22:30:36.000Z",74,22.39,20.01,669,368,4,141.69,55.8
"2024-02-21T22:30:26.000Z",74,22.31,20.05,670,364,1,141.69,57
"2024-02-21T22:30:16.000Z",74,22.27,20.09,671,370,2,141.8,57.9
"2024-02-21T22:30:06.000Z",74,22.3,20.05,672,363,3,142,55.2
"2024-02-21T22:29:56.000Z",74,22.35,20.03,672,371,2,142.19,52.8
"2024-02-21T22:29:46.000Z",74,22.35,19.97,673,360,5,142.3,53.4
"2024-02-21T22:29:36.000Z",74,22.38,19.97,674,360,4,142.3,53.4
"2024-02-21T22:29:26.000Z",74,22.39,19.97,675,366,4,142.4,54.4
"2024-02-21T22:29:16.000Z",74,22.38,19.97,675,364,4,142.4,55.7
"2024-02-21T22:29:06.000Z",74,22.42,19.84,675,365,3,142.4,55.8
"2024-02-21T22:28:56.000Z",74,22.51,19.86,676,358,6,141.8,57.2
"2024-02-21T22:28:46.000Z",74,22.52,19.84,678,354,3,141.8,56.5
"2024-02-21T22:28:36.000Z",73,22.56,19.69,680,365,3,141.69,55
"2024-02-21T22:28:26.000Z",73,22.68,19.66,683,360,4,141.6,53.6
"2024-02-21T22:28:16.000Z",73,22.68,19.8,684,363,2,141.4,53.9
"2024-02-21T22:28:06.000Z",74,22.52,19.91,685,365,3,142.19,53.9
"2024-02-21T22:27:56.000Z",74,22.45,19.89,686,364,3,142.3,55.3
"2024-02-21T22:27:46.000Z",73,22.59,19.76,686,363,3,141.9,56.9
"2024-02-21T22:27:36.000Z",74,22.52,19.93,686,366,4,139.5,58.6
"2024-02-21T22:27:26.000Z",74,22.47,19.91,686,362,3,139.19,57.5
"2024-02-21T22:27:16.000Z",73,22.55,19.79,687,362,5,140.69,56.6
"2024-02-21T22:27:06.000Z",74,22.55,19.88,689,358,2,140,57.5
"2024-02-21T22:26:56.000Z",73,22.47,19.89,689,369,4,138.6,56.4
"2024-02-21T22:26:46.000Z",74,22.41,19.96,691,368,3,136.3,55.6
"2024-02-21T22:26:36.000Z",74,22.38,20.03,693,365,2,140.4,55.7
"2024-02-21T22:26:26.000Z",74,22.37,20.04,695,359,4,140.4,55.3
"2024-02-21T22:26:16.000Z",74,22.3,20.07,696,370,4,140.5,54.2
"2024-02-21T22:26:05.000Z",74,22.28,20.2,696,366,7,140.69,54.1
"2024-02-21T22:25:55.000Z",74,22.27,20.16,697,364,3,140.6,55.9
"2024-02-21T22:25:45.000Z",74,22.28,20.2,697,367,4,141,58.3
"2024-02-21T22:25:35.000Z",74,22.25,20.18,698,372,2,141,56.6
"2024-02-21T22:25:25.000Z",74,22.24,20.21,698,358,3,141.1,55.8
"2024-02-21T22:25:15.000Z",74,22.24,20.18,698,356,3,141.3,56.7
"2024-02-21T22:25:05.000Z",74,22.22,20.22,698,363,4,141.4,56.9
"2024-02-21T22:24:55.000Z",74,22.22,20.21,698,366,5,141.4,56.5
"2024-02-21T22:24:45.000Z",74,22.24,20.23,698,361,6,141.4,56.4
"2024-02-21T22:24:35.000Z",74,22.27,20.2,699,363,4,141.8,56.8
"2024-02-21T22:24:25.000Z",74,22.31,20.18,699,364,5,141.4,57.3
"2024-02-21T22:24:15.000Z",74,22.34,20.2,699,363,6,141.4,55.9
"2024-02-21T22:24:05.000Z",74,22.39,20.18,698,372,5,141.4,56.1
"2024-02-21T22:23:55.000Z",74,22.44,20.14,698,369,8,140.4,55.8
"2024-02-21T22:23:45.000Z",74,22.41,20.27,697,365,7,138.6,57.6
"2024-02-21T22:23:35.000Z",74,22.28,20.37,696,363,6,139.4,58.3
"2024-02-21T22:23:25.000Z",74,22.25,20.38,697,366,8,138.8,60.1
"2024-02-21T22:23:15.000Z",74,22.28,20.35,696,366,6,138.1,61.1
"2024-02-21T22:23:05.000Z",74,22.27,20.35,696,368,6,138.4,58
"2024-02-21T22:22:55.000Z",74,22.25,20.32,697,369,7,138.19,55.3
"2024-02-21T22:22:45.000Z",74,22.24,20.37,697,367,7,140.9,55.5
"2024-02-21T22:22:35.000Z",74,22.28,20.37,696,366,4,140.69,56
"2024-02-21T22:22:25.000Z",74,22.31,20.35,696,363,7,141,56.8
"2024-02-21T22:22:15.000Z",74,22.28,20.26,695,374,4,141.4,57.8
"2024-02-21T22:22:05.000Z",74,22.3,20.32,695,369,4,141.4,58.5
"2024-02-21T22:21:55.000Z",74,22.31,20.35,694,373,5,142.4,59.5
"2024-02-21T22:21:45.000Z",74,22.3,20.32,693,366,4,142.19,59.6
"2024-02-21T22:21:35.000Z",74,22.3,20.35,693,374,3,142,60.2
"2024-02-21T22:21:25.000Z",74,22.32,20.34,692,373,4,140.69,61.1
"2024-02-21T22:21:15.000Z",74,22.39,20.36,691,375,3,140.5,60.2
"2024-02-21T22:21:05.000Z",74,22.37,20.35,690,373,6,139.8,61.5
"2024-02-21T22:20:54.000Z",74,22.38,20.23,689,374,6,140.9,60.7
"2024-02-21T22:20:44.000Z",74,22.38,20.25,689,374,5,141.69,61
"2024-02-21T22:20:34.000Z",74,22.41,20.26,689,371,4,141.8,61.2
"2024-02-21T22:20:24.000Z",74,22.44,20.2,689,371,4,141.1,63.2
"2024-02-21T22:20:14.000Z",74,22.47,20.12,690,380,3,149.3,62.6
"2024-02-21T22:20:04.000Z",74,22.54,20.04,689,381,5,150.19,61.5
"2024-02-21T22:19:54.000Z",74,22.55,20.05,688,375,8,150.4,61.7
"2024-02-21T22:19:44.000Z",74,22.52,20.12,688,375,5,150.6,61.4
"2024-02-21T22:19:34.000Z",74,22.48,20.26,688,373,6,149.9,61.3
"2024-02-21T22:19:24.000Z",74,22.39,20.32,689,376,3,148.6,59.1
"2024-02-21T22:19:14.000Z",74,22.31,20.35,689,380,2,151.5,58.7
"2024-02-21T22:19:04.000Z",74,22.27,20.3,689,369,5,150.9,57.9
"2024-02-21T22:18:54.000Z",74,22.31,20.26,690,371,6,152.19,56.6
"2024-02-21T22:18:44.000Z",74,22.35,20.25,691,379,4,152.3,56.4
"2024-02-21T22:18:34.000Z",74,22.35,20.18,691,366,4,146,57.5
"2024-02-21T22:18:24.000Z",74,22.31,20.3,692,370,7,149.4,56.3
"2024-02-21T22:18:14.000Z",74,22.24,20.32,693,372,7,148.4,57.1
"2024-02-21T22:18:04.000Z",74,22.21,20.45,693,366,6,149.6,58.3
"2024-02-21T22:17:54.000Z",74,22.2,20.43,693,375,6,149.69,57.4
"2024-02-21T22:17:44.000Z",74,22.22,20.37,693,378,9,150.19,59.2
"2024-02-21T22:17:34.000Z",74,22.21,20.37,694,364,5,149,58.5
"2024-02-21T22:17:24.000Z",74,22.21,20.39,694,373,5,149.19,58.8
"2024-02-21T22:17:14.000Z",74,22.2,20.35,694,370,2,150.4,59.3
"2024-02-21T22:17:04.000Z",74,22.2,20.35,694,374,5,150.6,59.3
"2024-02-21T22:16:54.000Z",74,22.2,20.32,695,371,7,149.4,61
"2024-02-21T22:16:44.000Z",74,22.2,20.32,695,376,6,173.6,62.8
"2024-02-21T22:16:34.000Z",74,22.21,20.3,696,363,8,172.7,61.5
"2024-02-21T22:16:24.000Z",74,22.2,20.3,697,367,5,174.9,60.9
"2024-02-21T22:16:14.000Z",74,22.2,20.3,698,376,5,174.8,61.8
"2024-02-21T22:16:04.000Z",74,22.21,20.3,698,367,4,173.8,62.4
"2024-02-21T22:15:54.000Z",74,22.22,20.35,699,366,5,175.9,62.3
"2024-02-21T22:15:43.000Z",74,22.21,20.3,701,367,5,175.1,64
"2024-02-21T22:15:33.000Z",73,22.17,20.29,703,375,9,171.5,63
"2024-02-21T22:15:23.000Z",74,22.18,20.3,704,369,5,175.5,61.5
"2024-02-21T22:15:13.000Z",74,22.2,20.38,705,372,4,176.6,60.7
"2024-02-21T22:15:03.000Z",74,22.21,20.42,705,368,4,176.6,61.5
"2024-02-21T22:14:53.000Z",74,22.22,20.37,708,376,4,174.8,62.6
"2024-02-21T22:14:43.000Z",74,22.27,20.32,711,376,6,175.1,62.8
"2024-02-21T22:14:33.000Z",74,22.31,20.32,712,373,6,175.1,63.6
"2024-02-21T22:14:23.000Z",74,22.32,20.39,713,372,6,176.1,63
"2024-02-21T22:14:13.000Z",74,22.31,20.39,716,379,4,166.8,65
"2024-02-21T22:14:03.000Z",74,22.37,20.41,717,386,3,173.5,64.5
"2024-02-21T22:13:53.000Z",74,22.44,20.48,715,382,7,175.3,63.7
"2024-02-21T22:13:43.000Z",75,22.49,21.28,714,385,7,174.3,64.9
"2024-02-21T22:13:33.000Z",75,22.37,20.84,715,378,6,162.19,65.3
"2024-02-21T22:13:23.000Z",74,22.37,20.86,716,383,4,164.5,64.5
"2024-02-21T22:13:13.000Z",74,22.21,20.29,716,377,3,124,64.8
"2024-02-21T22:13:03.000Z",74,22.25,20.37,716,388,6,157.5,68.09
"2024-02-21T22:12:53.000Z",74,22.28,20.7,714,387,9,159.6,68.09
"2024-02-21T22:12:43.000Z",75,22.3,20.97,713,389,6,163.6,71.4
"2024-02-21T22:12:33.000Z",75,22.25,21,711,381,6,143,72.8
"2024-02-21T22:12:23.000Z",73,22.27,20.96,708,387,12,145.5,71.3
"2024-02-21T22:12:13.000Z",74,22.32,21.01,709,378,9,162.19,72
"2024-02-21T22:12:03.000Z",74,22.27,20.61,709,383,6,167.7,70.7
"2024-02-21T22:11:53.000Z",74,22.22,20.49,709,381,5,158.69,67
"2024-02-21T22:11:43.000Z",73,22.21,20.47,710,383,9,97.9,68
"2024-02-21T22:11:33.000Z",74,22.2,20.61,711,392,5,91.3,67.4
"2024-02-21T22:11:23.000Z",74,22.25,20.42,710,383,7,88.4,64.2
"2024-02-21T22:11:13.000Z",74,22.37,20.7,707,384,6,43.7,65.8
"2024-02-21T22:11:03.000Z",73,22.38,20.98,706,388,11,115.1,64.5
"2024-02-21T22:10:53.000Z",75,22.39,21.12,706,386,8,118.1,64.7
"2024-02-21T22:10:42.000Z",74,22.37,20.89,704,383,10,135,64.09
"2024-02-21T22:10:32.000Z",74,22.31,20.84,703,390,9,93.7,62.2
"2024-02-21T22:10:22.000Z",73,22.35,20.82,704,396,11,145.4,60.7
"2024-02-21T22:10:12.000Z",73,22.32,20.66,704,394,10,135.6,60.7
"2024-02-21T22:10:02.000Z",74,22.27,20.77,704,397,8,138.6,62
"2024-02-21T22:09:52.000Z",72,22.25,20.68,704,393,13,139.9,61.7
"2024-02-21T22:09:42.000Z",74,22.27,20.82,702,395,9,137.6,61.7
"2024-02-21T22:09:32.000Z",74,22.31,21.27,700,397,11,131.6,62.5
"2024-02-21T22:09:22.000Z",75,22.22,21.38,699,382,9,95.3,62.7
"2024-02-21T22:09:12.000Z",74,22.14,20.62,699,386,5,25.3,62.6
"2024-02-21T22:09:02.000Z",74,22.2,20.48,699,385,6,22.8,60.6
"2024-02-21T22:08:52.000Z",74,22.2,20.42,699,384,7,18.6,62.2
"2024-02-21T22:08:42.000Z",74,22.31,20.37,699,382,7,18.6,62.9
"2024-02-21T22:08:32.000Z",74,22.38,20.3,700,393,4,20.9,61.1
"2024-02-21T22:08:22.000Z",74,22.44,20.38,700,391,7,20.5,60.3
"2024-02-21T22:08:12.000Z",74,22.35,20.35,700,388,5,20.9,60.6
"2024-02-21T22:08:02.000Z",74,22.38,20.25,701,388,5,20.9,60.3
"2024-02-21T22:07:52.000Z",74,22.44,20.23,701,388,5,20.9,60.8
"2024-02-21T22:07:42.000Z",74,22.47,20.27,700,390,4,20.8,62.3
"2024-02-21T22:07:32.000Z",74,22.39,20.32,700,387,6,20.9,61.5
"2024-02-21T22:07:22.000Z",74,22.32,20.39,700,389,5,21.1,59.6
"2024-02-21T22:07:12.000Z",74,22.3,20.39,699,380,6,20.5,60.7
"2024-02-21T22:07:02.000Z",74,22.25,20.37,699,391,5,20.2,60.5
"2024-02-21T22:06:52.000Z",74,22.21,20.5,697,386,4,20.5,60.3
"2024-02-21T22:06:42.000Z",74,22.21,20.52,696,385,5,20.1,61.7
"2024-02-21T22:06:32.000Z",74,22.24,20.47,697,381,4,20.5,62.7
"2024-02-21T22:06:22.000Z",74,22.21,20.5,699,383,6,20.8,62.9
"2024-02-21T22:06:12.000Z",74,22.18,20.48,700,380,4,20.8,59.6
"2024-02-21T22:06:02.000Z",74,22.2,20.5,701,385,4,21.1,58.7
"2024-02-21T22:05:52.000Z",74,22.24,20.5,703,382,6,21.3,57.9
"2024-02-21T22:05:42.000Z",74,22.22,20.43,704,387,8,21.2,58.1
"2024-02-21T22:05:31.000Z",74,22.3,20.39,705,384,4,21.3,58.6
"2024-02-21T22:05:21.000Z",74,22.34,20.32,705,383,5,21.2,58.2
"2024-02-21T22:05:11.000Z",74,22.37,20.34,705,384,4,21.3,58
"2024-02-21T22:05:01.000Z",74,22.37,20.46,705,390,5,21.4,58.3
"2024-02-21T22:04:51.000Z",74,22.21,20.52,704,389,6,21.3,58.4
"2024-02-21T22:04:41.000Z",74,22.27,20.47,704,389,5,21.4,60.6
"2024-02-21T22:04:31.000Z",74,22.35,20.32,705,387,6,21.4,58.8
"2024-02-21T22:04:21.000Z",74,22.38,20.29,705,396,6,21.5,58.7
"2024-02-21T22:04:11.000Z",73,22.37,20.32,706,386,9,21.5,59.8
"2024-02-21T22:04:01.000Z",74,22.44,20.27,706,383,4,21.5,58.8
"2024-02-21T22:03:51.000Z",74,22.44,20.32,708,386,4,21.7,60.3
"2024-02-21T22:03:41.000Z",74,22.41,20.3,708,388,2,21.5,60.5
"2024-02-21T22:03:31.000Z",74,22.38,20.32,707,388,2,21.5,62
"2024-02-21T22:03:21.000Z",74,22.38,20.46,707,388,4,21.1,61.8
"2024-02-21T22:03:11.000Z",74,22.31,20.49,708,376,3,21.7,60
"2024-02-21T22:03:01.000Z",74,22.24,20.55,709,389,4,21.8,60.7
"2024-02-21T22:02:51.000Z",74,22.18,20.57,709,392,4,21.8,58.8
"2024-02-21T22:02:41.000Z",74,22.15,20.64,708,385,3,21.8,58.1
"2024-02-21T22:02:31.000Z",74,22.12,20.69,707,388,7,21.8,58.4
"2024-02-21T22:02:21.000Z",74,22.05,20.69,707,388,5,21.8,58.7
"2024-02-21T22:02:11.000Z",74,22.03,20.73,708,389,6,21.8,58.1
"2024-02-21T22:02:01.000Z",74,22.05,20.74,708,390,4,21.9,57.2
"2024-02-21T22:01:51.000Z",74,22.07,20.7,708,389,6,21.8,58.1
"2024-02-21T22:01:41.000Z",74,22.14,20.67,710,383,7,21.9,58.2
"2024-02-21T22:01:31.000Z",74,22.1,20.67,711,378,5,22,59.1
"2024-02-21T22:01:21.000Z",74,22.08,20.61,712,373,5,22,58.9
"2024-02-21T22:01:11.000Z",74,22.1,20.74,713,384,9,22,59.7
"2024-02-21T22:01:01.000Z",74,22.1,20.67,715,382,5,22.1,59.9
"2024-02-21T22:00:51.000Z",74,22.05,20.72,716,380,6,22,59
"2024-02-21T22:00:41.000Z",74,22,20.72,717,386,3,22.1,59.6
"2024-02-21T22:00:31.000Z",74,21.97,20.85,718,384,3,22.1,59.1
"2024-02-21T22:00:20.000Z",74,21.99,20.77,718,387,6,22.1,58
"2024-02-21T22:00:10.000Z",74,21.97,20.78,719,378,7,22.1,58.4
"2024-02-21T22:00:00.000Z",74,21.97,20.8,719,382,5,22.1,58.9
"2024-02-21T21:59:50.000Z",74,22.01,20.77,719,371,3,22.2,57.9
"2024-02-21T21:59:40.000Z",74,22.01,20.73,721,378,7,22.2,58.5
"2024-02-21T21:59:30.000Z",73,22,20.82,721,381,10,22.2,58.6
"2024-02-21T21:59:20.000Z",74,22,20.85,722,381,8,22.2,58.5
"2024-02-21T21:59:10.000Z",74,21.99,20.82,722,381,4,22.4,57.6
"2024-02-21T21:59:00.000Z",74,22.01,20.82,723,380,8,22.2,57.9
"2024-02-21T21:58:50.000Z",74,22,20.85,724,377,6,22.4,58.1
"2024-02-21T21:58:40.000Z",74,22,20.82,724,385,5,22.4,58.2
"2024-02-21T21:58:30.000Z",74,22.01,20.82,724,389,8,22.4,57.9
"2024-02-21T21:58:20.000Z",74,22.01,20.77,724,387,8,22.5,59
"2024-02-21T21:58:10.000Z",74,22.05,20.81,725,385,6,22.4,58.1
"2024-02-21T21:58:00.000Z",74,22.11,20.72,724,374,9,22.4,58.2
"2024-02-21T21:57:50.000Z",74,22.18,20.73,723,388,4,22.4,57.9
"2024-02-21T21:57:40.000Z",74,22.17,20.74,723,389,3,22.4,57.3
"2024-02-21T21:57:30.000Z",74,22.08,20.76,724,382,3,22.2,57
"2024-02-21T21:57:20.000Z",74,22.08,20.77,725,384,6,22,58.1
"2024-02-21T21:57:10.000Z",74,22.07,20.74,726,384,5,22.4,58.2
"2024-02-21T21:57:00.000Z",74,22,20.87,727,384,4,22.5,57.9
"2024-02-21T21:56:50.000Z",74,22,20.82,728,381,3,22.5,57
"2024-02-21T21:56:40.000Z",74,21.99,20.8,728,384,4,22.6,56.3
"2024-02-21T21:56:30.000Z",74,21.99,20.84,727,384,4,22.6,56.1
"2024-02-21T21:56:20.000Z",74,21.99,20.8,728,386,2,22.6,56.7
"2024-02-21T21:56:10.000Z",74,21.96,20.78,728,381,6,22.6,57.6
"2024-02-21T21:56:00.000Z",73,21.99,20.89,729,386,10,22.6,59.4
"2024-02-21T21:55:50.000Z",74,21.97,20.82,728,389,8,22.6,57.5
"2024-02-21T21:55:40.000Z",74,22,20.84,730,384,6,22.6,57.7
"2024-02-21T21:55:30.000Z",74,22.05,20.91,731,380,9,22.7,57.8
"2024-02-21T21:55:20.000Z",74,22.04,20.84,731,381,6,22.7,57.9
"2024-02-21T21:55:09.000Z",74,22.05,20.87,733,384,5,22.7,59.9
"2024-02-21T21:54:59.000Z",74,22.07,20.82,734,391,8,22.7,59.7
"2024-02-21T21:54:49.000Z",74,22.1,20.88,735,389,5,22.6,59.3
"2024-02-21T21:54:39.000Z",74,22.07,20.87,736,384,7,22.7,58.6
"2024-02-21T21:54:29.000Z",74,22.05,20.91,736,383,6,22.8,58.7
"2024-02-21T21:54:19.000Z",74,22.07,20.89,736,387,8,22.8,59.4
"2024-02-21T21:54:09.000Z",74,22.03,20.87,736,387,7,22.8,59.7
"2024-02-21T21:53:59.000Z",74,22.03,20.93,735,388,6,23,59.9
"2024-02-21T21:53:49.000Z",74,22.04,20.94,736,382,5,23,57.5
"2024-02-21T21:53:39.000Z",74,22.04,20.94,737,389,7,23,58.3
"2024-02-21T21:53:29.000Z",73,22.01,20.94,738,383,10,23,59.4
"2024-02-21T21:53:19.000Z",74,22.03,20.91,739,388,6,23,60
"2024-02-21T21:53:09.000Z",74,22.01,21.04,740,387,6,23.1,59.7
"2024-02-21T21:52:59.000Z",74,22,21.01,741,383,3,23.1,59.2
"2024-02-21T21:52:49.000Z",74,22.01,21.04,742,385,4,23.1,59.4
"2024-02-21T21:52:39.000Z",74,22.03,20.91,743,379,5,23.1,59.1
"2024-02-21T21:52:29.000Z",74,22.05,20.93,744,387,5,23.1,58.9
"2024-02-21T21:52:19.000Z",74,22.08,20.94,745,380,4,23.2,58.6
"2024-02-21T21:52:09.000Z",74,22.05,20.86,745,385,4,23.2,58.4
"2024-02-21T21:51:59.000Z",74,22.07,20.84,746,382,4,23.2,57.4
"2024-02-21T21:51:49.000Z",74,22.07,20.86,747,393,5,23.2,59.5
"2024-02-21T21:51:39.000Z",74,22.1,20.82,749,389,6,23.3,59.7
"2024-02-21T21:51:29.000Z",74,22.1,20.84,751,385,8,23.3,60.1
"2024-02-21T21:51:19.000Z",72,22.05,20.98,751,387,12,23.3,59.1
"2024-02-21T21:51:09.000Z",73,22.04,21,751,384,10,23.3,58.6
"2024-02-21T21:50:59.000Z",74,22.05,20.98,751,389,5,23.3,58.9
"2024-02-21T21:50:49.000Z",74,22.08,20.98,752,391,5,23.4,58.7
"2024-02-21T21:50:39.000Z",74,22.1,20.96,753,397,6,23.4,59.7
"2024-02-21T21:50:29.000Z",74,22.15,20.93,755,387,4,23.4,60.5
"2024-02-21T21:50:19.000Z",74,22.18,20.9,755,391,5,23.4,58.8
"2024-02-21T21:50:08.000Z",74,22.15,20.96,757,389,8,23.4,57.7
"2024-02-21T21:49:58.000Z",74,22.11,21.03,758,387,6,23.3,58.2
"2024-02-21T21:49:48.000Z",74,22.1,21.05,758,384,7,23.6,56.2
"2024-02-21T21:49:38.000Z",74,22.11,21.07,759,393,6,23.6,58.3
"2024-02-21T21:49:28.000Z",74,22.08,21.07,760,392,8,23.6,58.5
"2024-02-21T21:49:18.000Z",74,22.1,21.08,761,392,9,23.6,58.5
"2024-02-21T21:49:08.000Z",73,22.11,21.1,760,387,10,23.7,58.3
"2024-02-21T21:48:58.000Z",74,22.11,21.07,762,385,8,23.7,59.2
"2024-02-21T21:48:48.000Z",73,22.14,21.03,764,398,9,23.7,59.8
"2024-02-21T21:48:38.000Z",74,22.17,21.07,765,390,7,23.7,60.2
"2024-02-21T21:48:28.000Z",74,22.15,21.03,765,390,7,23.8,61.3
"2024-02-21T21:48:18.000Z",74,22.14,21,765,395,6,23.8,60.4
"2024-02-21T21:48:08.000Z",74,22.17,21.09,765,394,5,23.8,61.2
"2024-02-21T21:47:58.000Z",74,22.15,21,766,394,7,23.8,60.2
"2024-02-21T21:47:48.000Z",74,22.18,20.97,767,396,7,23.8,60.5
"2024-02-21T21:47:38.000Z",73,22.22,20.95,769,406,10,23.8,58.9
"2024-02-21T21:47:28.000Z",74,22.34,20.83,769,393,8,23.8,59.2
"2024-02-21T21:47:18.000Z",73,22.41,20.77,771,400,7,23.8,60.2
"2024-02-21T21:47:08.000Z",73,22.54,20.66,772,399,5,23.8,59.1
"2024-02-21T21:46:58.000Z",73,22.52,20.66,772,406,5,23.9,59.4
"2024-02-21T21:46:48.000Z",73,22.49,20.74,772,392,7,23.9,60
"2024-02-21T21:46:38.000Z",74,22.47,20.81,773,391,7,23.9,59.1
"2024-02-21T21:46:28.000Z",73,22.39,20.89,772,390,9,23.9,59.3
"2024-02-21T21:46:18.000Z",73,22.3,21.01,772,404,10,23.8,61.6
"2024-02-21T21:46:08.000Z",73,22.24,20.99,771,397,10,23.9,58.7
"2024-02-21T21:45:58.000Z",73,22.22,20.99,770,398,10,24.2,58.3
"2024-02-21T21:45:48.000Z",73,22.28,20.97,770,393,9,24.2,58
"2024-02-21T21:45:38.000Z",74,22.24,21.04,771,397,6,24.2,57.4
"2024-02-21T21:45:28.000Z",74,22.2,21.09,771,407,7,24.2,57.1
"2024-02-21T21:45:18.000Z",74,22.22,21.11,771,397,4,24.2,57.7
"2024-02-21T21:45:08.000Z",74,22.24,21.02,772,404,5,24.2,57.7
"2024-02-21T21:44:57.000Z",74,22.27,20.94,774,401,6,24.2,58.6
"2024-02-21T21:44:47.000Z",74,22.31,20.96,774,405,6,24.3,58.4
"2024-02-21T21:44:37.000Z",73,22.35,20.97,773,404,10,24.3,57.8
"2024-02-21T21:44:27.000Z",72,22.34,20.97,772,398,11,24.3,57.9
"2024-02-21T21:44:17.000Z",74,22.38,20.91,772,406,5,24.3,58.4
"2024-02-21T21:44:07.000Z",73,22.41,20.84,773,410,5,24.3,57.8
"2024-02-21T21:43:57.000Z",74,22.44,20.88,773,409,5,24.4,58.3
"2024-02-21T21:43:47.000Z",73,22.39,20.88,774,404,10,24.3,57.4
"2024-02-21T21:43:37.000Z",74,22.42,20.91,774,409,6,24.4,57.2
"2024-02-21T21:43:27.000Z",73,22.37,20.94,774,400,9,24.4,57
"2024-02-21T21:43:17.000Z",74,22.35,20.96,774,400,8,24.4,56.5
"2024-02-21T21:43:07.000Z",74,22.38,20.94,774,406,7,24.4,56.8
"2024-02-21T21:42:57.000Z",72,22.41,20.94,774,406,12,24.4,56.6
"2024-02-21T21:42:47.000Z",74,22.38,20.87,772,403,7,24.4,57.2
"2024-02-21T21:42:37.000Z",74,22.41,20.89,772,403,8,24.2,56.5
"2024-02-21T21:42:27.000Z",73,22.45,20.84,771,409,8,24.2,56.2
"2024-02-21T21:42:17.000Z",72,22.44,20.8,771,406,10,24.3,56.7
"2024-02-21T21:42:07.000Z",73,22.49,20.74,771,400,7,24.3,57
"2024-02-21T21:41:57.000Z",73,22.56,20.66,771,405,5,24.2,57
"2024-02-21T21:41:47.000Z",73,22.55,20.66,770,401,5,24.4,57.3
"2024-02-21T21:41:37.000Z",73,22.52,20.69,770,408,7,24.4,57.1
"2024-02-21T21:41:27.000Z",73,22.45,20.79,769,406,9,24.4,57.4
"2024-02-21T21:41:17.000Z",73,22.42,20.8,769,412,9,24.3,57.5
"2024-02-21T21:41:07.000Z",74,22.38,20.79,768,402,7,24.4,58.6
"2024-02-21T21:40:57.000Z",71,22.42,20.75,768,409,13,24.3,58.2
"2024-02-21T21:40:47.000Z",72,22.44,20.76,768,399,11,24.4,57.9
"2024-02-21T21:40:37.000Z",73,22.47,20.65,769,405,4,24.4,58.2
"2024-02-21T21:40:27.000Z",73,22.55,20.62,769,406,4,24.5,58.2
"2024-02-21T21:40:17.000Z",73,22.55,20.59,769,406,6,24.5,57.8
"2024-02-21T21:40:07.000Z",73,22.56,20.56,770,396,7,24.5,58.1
"2024-02-21T21:39:57.000Z",73,22.52,20.62,770,400,5,23.8,58.2
"2024-02-21T21:39:46.000Z",73,22.55,20.66,771,409,4,23.9,59.3
"2024-02-21T21:39:36.000Z",73,22.56,20.66,771,403,5,24,58.1
"2024-02-21T21:39:26.000Z",73,22.56,20.69,771,407,7,24.5,57.8
"2024-02-21T21:39:16.000Z",74,22.48,20.88,771,400,8,24.5,58.6
"2024-02-21T21:39:06.000Z",73,22.48,20.76,773,414,9,24.6,58.5
"2024-02-21T21:38:56.000Z",72,22.51,20.76,773,414,11,24.5,58.7
"2024-02-21T21:38:46.000Z",73,22.54,20.78,773,411,7,24.6,58.4
"2024-02-21T21:38:36.000Z",73,22.51,20.78,773,399,3,24.6,59.3
"2024-02-21T21:38:26.000Z",73,22.47,20.75,772,405,6,24.5,59.6
"2024-02-21T21:38:16.000Z",74,22.44,20.86,772,410,6,24.6,61
"2024-02-21T21:38:06.000Z",73,22.37,20.94,773,401,9,24.4,61
"2024-02-21T21:37:56.000Z",73,22.37,20.94,772,408,10,24.3,59.7
"2024-02-21T21:37:46.000Z",73,22.38,20.82,772,409,6,24.3,59.5
"2024-02-21T21:37:36.000Z",74,22.41,20.82,772,406,7,24.3,59.8
"2024-02-21T21:37:26.000Z",74,22.37,20.98,770,418,6,24.3,58.1
"2024-02-21T21:37:16.000Z",74,22.32,20.99,771,421,7,24.4,58.7
"2024-02-21T21:37:06.000Z",72,22.34,20.99,772,429,10,24.4,57.5
"2024-02-21T21:36:56.000Z",74,22.28,21.09,772,429,8,24.6,57.3
"2024-02-21T21:36:46.000Z",74,22.24,21.14,772,429,8,24.6,57.1
"2024-02-21T21:36:36.000Z",74,22.17,21.23,772,416,9,25,57.3
"2024-02-21T21:36:26.000Z",73,22.12,21.26,773,419,10,25.1,57.6
"2024-02-21T21:36:16.000Z",74,22.14,21.21,773,412,7,25.1,58.5
"2024-02-21T21:36:06.000Z",72,22.18,21.14,773,408,11,25.2,58.7
"2024-02-21T21:35:56.000Z",74,22.17,21.11,775,405,6,25,59.7
"2024-02-21T21:35:46.000Z",74,22.17,21.16,776,386,8,25.1,60.1
"2024-02-21T21:35:36.000Z",74,22.2,21.09,776,386,7,25.1,60.3
"2024-02-21T21:35:26.000Z",72,22.21,20.97,776,389,11,25,60
"2024-02-21T21:35:16.000Z",74,22.25,20.95,776,382,8,24.5,60.3
"2024-02-21T21:35:06.000Z",74,22.27,20.96,776,382,3,24.8,60.2
"2024-02-21T21:34:56.000Z",74,22.28,20.97,778,384,7,24.8,59.8
"2024-02-21T21:34:46.000Z",74,22.25,21.06,778,386,8,24.4,59.8
"2024-02-21T21:34:35.000Z",74,22.22,21.07,778,382,7,24.3,58
"2024-02-21T21:34:25.000Z",74,22.24,21.07,777,385,8,24.8,58.6
"2024-02-21T21:34:15.000Z",74,22.24,21.06,776,385,8,25.1,60.5
"2024-02-21T21:34:05.000Z",74,22.22,21.11,775,385,8,25.1,62.4
"2024-02-21T21:33:55.000Z",73,22.22,21.02,774,385,9,25.1,64.8
"2024-02-21T21:33:45.000Z",74,22.22,21.12,774,389,6,25.2,64.5
"2024-02-21T21:33:35.000Z",74,22.22,21.14,774,384,7,25.2,64.5
"2024-02-21T21:33:25.000Z",73,22.17,21.17,771,396,11,25.3,63.4
"2024-02-21T21:33:15.000Z",72,22.21,21.25,770,384,12,25.5,65.3
"2024-02-21T21:33:05.000Z",74,22.24,21.11,770,393,6,25.3,67.59
"2024-02-21T21:32:55.000Z",74,22.24,21.13,768,389,6,24.9,66.4
"2024-02-21T21:32:45.000Z",73,22.3,21.21,766,390,11,24.6,63.8
"2024-02-21T21:32:35.000Z",72,22.28,21.18,764,394,15,24.8,65.09
"2024-02-21T21:32:25.000Z",73,22.32,21.3,763,385,12,24.8,66.09
"2024-02-21T21:32:15.000Z",72,22.39,21.22,762,384,13,24,67.2
"2024-02-21T21:32:05.000Z",73,22.47,21.19,760,386,10,24.9,67
"2024-02-21T21:31:55.000Z",73,22.41,21.39,760,393,12,24.6,63.4
"2024-02-21T21:31:45.000Z",73,22.32,21.35,759,386,11,22.4,64.2
"2024-02-21T21:31:35.000Z",72,22.24,21.07,760,385,12,18.8,65.4
"2024-02-21T21:31:25.000Z",74,22.21,21.12,760,395,6,20.3,67.2
"2024-02-21T21:31:15.000Z",74,22.21,21.12,760,387,9,22,69.09
"2024-02-21T21:31:05.000Z",74,22.2,21.09,761,394,9,25,70
"2024-02-21T21:30:55.000Z",72,22.22,20.99,759,396,12,24.2,68.9
"2024-02-21T21:30:45.000Z",72,22.28,20.94,758,383,13,23.8,67.5
"2024-02-21T21:30:35.000Z",74,22.28,20.97,757,399,7,23.4,67.2
"2024-02-21T21:30:25.000Z",74,22.32,21.03,757,398,7,23.3,65.5
"2024-02-21T21:30:15.000Z",73,22.35,20.99,755,395,10,22.4,62.5
"2024-02-21T21:30:05.000Z",74,22.41,21.01,753,403,8,20.5,63.2
"2024-02-21T21:29:55.000Z",72,22.49,21.04,751,407,12,21.2,62.6
"2024-02-21T21:29:45.000Z",73,22.56,21.24,750,396,10,19.89,64.3
"2024-02-21T21:29:35.000Z",74,22.62,20.68,749,401,8,20.8,64.7
"2024-02-21T21:29:24.000Z",73,22.56,20.61,749,399,8,21.4,65.09
"2024-02-21T21:29:14.000Z",73,22.59,20.56,749,402,8,20.5,63.7
"2024-02-21T21:29:04.000Z",73,22.69,20.39,749,396,6,21.8,63.1
"2024-02-21T21:28:54.000Z",73,22.73,20.32,750,409,6,22.1,63.8
"2024-02-21T21:28:44.000Z",73,22.76,20.34,750,403,7,16.8,64.4
"2024-02-21T21:28:34.000Z",73,22.76,20.41,750,401,6,16.1,65.3
"2024-02-21T21:28:24.000Z",73,22.7,20.46,751,406,5,17.7,64.8
"2024-02-21T21:28:14.000Z",72,22.69,20.46,751,400,11,19,67.3
"2024-02-21T21:28:04.000Z",71,22.68,20.53,750,403,12,20.9,70.5
"2024-02-21T21:27:54.000Z",73,22.66,20.59,750,405,4,23.8,66
"2024-02-21T21:27:44.000Z",74,22.59,20.64,750,398,5,24.3,65.4
"2024-02-21T21:27:34.000Z",74,22.54,20.74,749,392,6,24.3,66.7
"2024-02-21T21:27:24.000Z",73,22.51,20.79,748,393,9,23.7,67.5
"2024-02-21T21:27:14.000Z",73,22.38,20.91,747,390,11,23.7,66.2
"2024-02-21T21:27:04.000Z",72,22.35,20.84,747,390,11,24.2,67.2
"2024-02-21T21:26:54.000Z",73,22.32,20.9,748,394,10,24.2,66.4
"2024-02-21T21:26:44.000Z",72,22.22,20.88,748,396,11,24.2,65.4
"2024-02-21T21:26:34.000Z",72,22.25,20.94,748,393,13,24.2,65.9
"2024-02-21T21:26:24.000Z",72,22.25,20.94,747,390,13,23.9,65.59
"2024-02-21T21:26:14.000Z",73,22.28,20.88,746,393,10,23.9,66.5
"2024-02-21T21:26:04.000Z",72,22.31,20.89,746,392,12,24.2,66.8
"2024-02-21T21:25:54.000Z",72,22.37,20.82,747,393,12,23.6,69.2
"2024-02-21T21:25:44.000Z",73,22.38,20.82,747,395,10,22.6,65.7
"2024-02-21T21:25:34.000Z",74,22.47,20.79,748,399,8,19,66.09
"2024-02-21T21:25:24.000Z",72,22.51,20.69,748,405,12,20.3,64.2
"2024-02-21T21:25:14.000Z",72,22.59,20.62,748,396,11,21.4,63.1
"2024-02-21T21:25:04.000Z",74,22.54,20.67,747,408,8,20.1,62.6
"2024-02-21T21:24:54.000Z",74,22.49,20.62,747,404,6,19,63.3
"2024-02-21T21:24:44.000Z",73,22.45,20.69,746,401,9,20.3,62.5
"2024-02-21T21:24:34.000Z",73,22.49,20.64,745,409,9,20.7,62
"2024-02-21T21:24:23.000Z",73,22.58,20.56,745,405,4,22.2,64.09
"2024-02-21T21:24:13.000Z",73,22.59,20.56,745,401,4,24.3,63.1
"2024-02-21T21:24:03.000Z",74,22.59,20.64,745,406,7,24.4,64.2
"2024-02-21T21:23:53.000Z",74,22.58,20.74,744,400,8,24,64.4
"2024-02-21T21:23:43.000Z",74,22.54,20.69,743,400,7,24.3,65.59
"2024-02-21T21:23:33.000Z",73,22.55,20.64,742,399,10,24,63.5
"2024-02-21T21:23:23.000Z",74,22.52,20.66,741,397,7,24.2,64.3
"2024-02-21T21:23:13.000Z",74,22.47,20.79,740,407,8,24.2,64.8
"2024-02-21T21:23:03.000Z",74,22.37,20.87,739,398,8,24.4,64.4
"2024-02-21T21:22:53.000Z",74,22.34,20.94,737,406,9,24.3,64.09
"2024-02-21T21:22:43.000Z",73,22.35,21.01,737,400,10,24.3,63.4
"2024-02-21T21:22:33.000Z",72,22.41,20.96,736,397,12,24.4,62.6
"2024-02-21T21:22:23.000Z",74,22.34,21.01,734,397,7,24.9,62.3
"2024-02-21T21:22:13.000Z",74,22.24,20.92,732,405,5,25,62.9
"2024-02-21T21:22:03.000Z",73,22.24,20.86,732,401,10,25,62.9
"2024-02-21T21:21:53.000Z",74,22.22,20.99,730,404,8,25.1,62
"2024-02-21T21:21:43.000Z",74,22.24,20.85,728,399,8,25.2,61.8
"2024-02-21T21:21:33.000Z",74,22.27,20.85,728,389,6,25.2,62.6
"2024-02-21T21:21:23.000Z",74,22.27,20.77,728,396,9,25.6,64.59
"2024-02-21T21:21:13.000Z",72,22.39,20.65,726,402,12,25.5,64.3
"2024-02-21T21:21:03.000Z",74,22.44,20.55,725,401,8,25.5,63.2
"2024-02-21T21:20:53.000Z",73,22.49,20.57,725,402,10,25.7,63
"2024-02-21T21:20:43.000Z",74,22.49,20.47,725,409,7,25.7,65.3
"2024-02-21T21:20:33.000Z",73,22.55,20.45,725,411,8,25.7,64.8
"2024-02-21T21:20:23.000Z",73,22.62,20.39,724,415,5,25.2,64.4
"2024-02-21T21:20:13.000Z",73,22.59,20.39,724,415,3,25.1,65.4
"2024-02-21T21:20:03.000Z",74,22.6,20.56,724,417,7,25.5,63.3
"2024-02-21T21:19:53.000Z",71,22.55,20.64,724,423,13,25.2,64.09
"2024-02-21T21:19:43.000Z",71,22.55,20.93,723,423,16,25,66.4
"2024-02-21T21:19:33.000Z",74,22.59,21.21,722,422,10,24.8,66.8
"2024-02-21T21:19:22.000Z",75,22.66,21.51,720,424,6,25.2,68.09
"2024-02-21T21:19:12.000Z",73,22.63,21.7,718,417,12,24.6,67.8
"2024-02-21T21:19:02.000Z",74,22.62,21.38,717,417,9,24.5,66.4
"2024-02-21T21:18:52.000Z",72,22.62,21.06,716,412,12,17.5,65.59
"2024-02-21T21:18:42.000Z",74,22.54,20.97,716,413,8,19.2,64.2
"2024-02-21T21:18:32.000Z",72,22.55,20.74,715,421,11,20,63.8
"2024-02-21T21:18:22.000Z",74,22.56,20.76,714,409,8,19.2,64.3
"2024-02-21T21:18:12.000Z",74,22.47,20.6,713,407,6,21.8,68.2
"2024-02-21T21:18:02.000Z",74,22.42,20.67,712,407,6,24,70
"2024-02-21T21:17:52.000Z",74,22.44,20.77,711,408,6,23.9,70.2
"2024-02-21T21:17:42.000Z",73,22.38,20.89,710,397,11,23.8,66.59
"2024-02-21T21:17:32.000Z",73,22.3,20.99,710,400,12,21.8,63.7
"2024-02-21T21:17:22.000Z",73,22.28,20.87,709,397,10,18.2,63
"2024-02-21T21:17:12.000Z",74,22.2,20.74,709,404,8,18.8,62.6
"2024-02-21T21:17:02.000Z",74,22.22,20.74,709,399,8,17.2,63
"2024-02-21T21:16:52.000Z",74,22.22,20.68,709,405,6,16.6,64.8
"2024-02-21T21:16:42.000Z",74,22.22,20.49,707,398,5,18.39,65.8
"2024-02-21T21:16:32.000Z",74,22.25,20.42,707,403,7,20.8,68.4
"2024-02-21T21:16:22.000Z",74,22.3,20.28,707,403,8,24.8,68.09
"2024-02-21T21:16:12.000Z",73,22.41,20.26,707,402,6,24.5,67.3
"2024-02-21T21:16:02.000Z",74,22.41,20.29,706,398,6,25,66.8
"2024-02-21T21:15:52.000Z",74,22.38,20.35,705,392,8,24.9,66.7
"2024-02-21T21:15:42.000Z",74,22.28,20.43,705,394,5,25.1,62.8
"2024-02-21T21:15:32.000Z",74,22.25,20.56,704,401,5,25.6,63.2
"2024-02-21T21:15:22.000Z",74,22.12,20.64,703,399,8,25.7,63.6
"2024-02-21T21:15:12.000Z",73,22.11,20.65,704,402,11,25.9,63.9
"2024-02-21T21:15:02.000Z",74,22.12,20.62,704,397,9,25.8,64.7
"2024-02-21T21:14:52.000Z",74,22.11,20.63,703,402,5,25.8,64.5
"2024-02-21T21:14:42.000Z",74,22.11,20.63,702,400,6,25.8,65.2
"2024-02-21T21:14:32.000Z",74,22.15,20.6,702,395,5,25.5,65.4
"2024-02-21T21:14:21.000Z",74,22.2,20.55,701,403,6,25.6,64.5
"2024-02-21T21:14:11.000Z",74,22.21,20.55,699,399,7,25.2,63.9
"2024-02-21T21:14:01.000Z",74,22.24,20.62,698,399,8,25.2,63.6
"2024-02-21T21:13:51.000Z",73,22.27,20.45,699,401,9,25.2,64.09
"2024-02-21T21:13:41.000Z",73,22.35,20.05,698,402,7,25.5,67
"2024-02-21T21:13:31.000Z",73,22.42,20.04,696,407,9,25,66
"2024-02-21T21:13:21.000Z",73,22.42,20.17,695,403,7,24.8,66.5
"2024-02-21T21:13:11.000Z",74,22.35,20.27,696,400,7,24.3,64.8
"2024-02-21T21:13:01.000Z",71,22.31,20.16,695,410,12,25,66.3
"2024-02-21T21:12:51.000Z",73,22.39,20.18,695,407,6,24.9,64.2
"2024-02-21T21:12:41.000Z",74,22.52,20.28,693,410,5,25.2,62.9
"2024-02-21T21:12:31.000Z",74,22.49,20.23,692,407,7,25.2,61.7
"2024-02-21T21:12:21.000Z",73,22.47,20.29,690,394,9,25.3,62.1
"2024-02-21T21:12:11.000Z",74,22.47,20.27,690,399,8,25.5,63.6
"2024-02-21T21:12:01.000Z",74,22.44,20.23,689,400,7,25.2,64.8
"2024-02-21T21:11:51.000Z",74,22.39,20.18,688,396,4,25.6,64.9
"2024-02-21T21:11:41.000Z",74,22.31,20.28,687,398,5,25.1,64.2
"2024-02-21T21:11:31.000Z",74,22.21,20.26,686,395,6,25.2,64.59
"2024-02-21T21:11:21.000Z",74,22.08,20.3,685,390,6,25.8,63.7
"2024-02-21T21:11:11.000Z",73,22.1,20.27,684,389,9,26.3,64.4
"2024-02-21T21:11:01.000Z",74,22.1,20.29,683,396,8,26.2,63.3
"2024-02-21T21:10:51.000Z",72,22.08,20.23,682,398,11,26.3,64.4
"2024-02-21T21:10:41.000Z",74,22.12,20.28,681,390,6,26.3,63.3
"2024-02-21T21:10:31.000Z",74,22.12,20.29,681,390,7,26.2,62.5
"2024-02-21T21:10:21.000Z",74,22.14,20.29,680,397,7,26.5,63.2
"2024-02-21T21:10:11.000Z",73,22.17,20.26,681,391,10,26.5,64.09
"2024-02-21T21:10:01.000Z",74,22.15,20.12,681,389,5,26.4,63.2
"2024-02-21T21:09:51.000Z",74,22.2,20.09,680,391,6,26.3,62.6
"2024-02-21T21:09:41.000Z",73,22.22,19.98,679,396,6,26.3,62.9
"2024-02-21T21:09:31.000Z",74,22.24,20.05,680,396,6,26.5,65.59
"2024-02-21T21:09:21.000Z",73,22.32,19.85,680,389,8,26.2,63.9
"2024-02-21T21:09:10.000Z",73,22.35,19.82,681,394,5,26.8,64.3
"2024-02-21T21:09:00.000Z",73,22.35,19.89,681,395,5,26.8,64
"2024-02-21T21:08:50.000Z",73,22.31,19.95,680,395,5,26.7,62.9
"2024-02-21T21:08:40.000Z",74,22.25,20.04,678,400,6,26.9,63
"2024-02-21T21:08:30.000Z",73,22.31,19.89,678,400,7,27.3,61.8
"2024-02-21T21:08:20.000Z",73,22.35,19.96,679,406,7,27.4,60
"2024-02-21T21:08:10.000Z",73,22.45,19.89,679,393,5,27.4,59.5
"2024-02-21T21:08:00.000Z",73,22.47,19.77,681,400,9,27,62.4
"2024-02-21T21:07:50.000Z",73,22.44,19.82,682,397,7,25.9,62.9
"2024-02-21T21:07:40.000Z",73,22.45,19.8,682,401,6,25.8,64.09
"2024-02-21T21:07:30.000Z",73,22.51,19.77,683,401,3,26.5,63.6
"2024-02-21T21:07:20.000Z",73,22.44,19.82,682,398,5,26.8,62.7
"2024-02-21T21:07:10.000Z",73,22.44,19.84,681,405,6,26.9,62.8
"2024-02-21T21:07:00.000Z",73,22.39,19.91,679,401,6,27,63
"2024-02-21T21:06:50.000Z",73,22.37,19.89,679,399,7,27,62.6
"2024-02-21T21:06:40.000Z",73,22.32,19.92,679,399,6,27,63
"2024-02-21T21:06:30.000Z",72,22.3,19.95,678,391,11,27.1,61.9
"2024-02-21T21:06:20.000Z",74,22.24,20,677,392,7,26.9,62.8
"2024-02-21T21:06:10.000Z",74,22.17,20.07,676,396,4,27,63
"2024-02-21T21:06:00.000Z",74,22.1,20.07,675,394,6,26.9,62.4
"2024-02-21T21:05:50.000Z",74,22.05,20.1,674,391,7,27.1,62.2
"2024-02-21T21:05:40.000Z",74,22.07,20.1,675,396,6,27.3,63.2
"2024-02-21T21:05:30.000Z",74,22.08,20.1,675,393,7,27.4,63.2
"2024-02-21T21:05:20.000Z",74,22.11,20.12,675,387,7,27.5,64.8
"2024-02-21T21:05:10.000Z",74,22.12,20.1,674,389,6,27.1,65.4
"2024-02-21T21:05:00.000Z",74,22.12,20.12,675,392,7,27.3,64.8
"2024-02-21T21:04:50.000Z",74,22.12,20.07,676,389,3,27.5,64.59
"2024-02-21T21:04:40.000Z",74,22.17,20.09,676,392,3,27.5,64.4
"2024-02-21T21:04:30.000Z",74,22.17,20.1,677,395,5,27.7,63.8
"2024-02-21T21:04:20.000Z",74,22.17,20.03,677,391,4,27.5,63.7
"2024-02-21T21:04:10.000Z",74,22.2,20.02,677,392,5,27.5,63.6
"2024-02-21T21:03:59.000Z",74,22.22,20.04,677,395,6,27.4,63.6
"2024-02-21T21:03:49.000Z",74,22.2,20.05,677,386,4,27.6,63
"2024-02-21T21:03:39.000Z",73,22.25,20.02,679,401,7,27.6,64
"2024-02-21T21:03:29.000Z",73,22.24,20.02,680,395,7,27.5,63
"2024-02-21T21:03:19.000Z",73,22.3,19.94,681,398,5,27.7,63.2
"2024-02-21T21:03:09.000Z",73,22.34,19.94,682,405,5,28,63.4
"2024-02-21T21:02:59.000Z",73,22.31,19.97,682,402,8,28.1,62.8
"2024-02-21T21:02:49.000Z",74,22.3,20.11,683,402,6,28.1,61.8
"2024-02-21T21:02:39.000Z",74,22.28,20.12,684,399,5,28.2,63.5
"2024-02-21T21:02:29.000Z",74,22.27,20.18,685,396,5,28.2,62.7
"2024-02-21T21:02:19.000Z",74,22.27,20.2,685,402,6,28.2,61.8
"2024-02-21T21:02:09.000Z",74,22.24,20.23,685,397,6,28.3,63.3
"2024-02-21T21:01:59.000Z",73,22.17,20.23,685,396,9,28.3,62.9
"2024-02-21T21:01:49.000Z",74,22.12,20.26,686,400,5,28.3,62.4
"2024-02-21T21:01:39.000Z",74,22.07,20.36,685,398,8,28.3,64.3
"2024-02-21T21:01:29.000Z",74,22,20.44,685,401,6,28.3,64.7
"2024-02-21T21:01:19.000Z",73,22.01,20.46,683,402,11,28.2,65.09
"2024-02-21T21:01:09.000Z",74,21.99,20.46,682,396,9,28.3,64.4
"2024-02-21T21:00:59.000Z",74,21.96,20.49,681,402,8,28.3,62.7
"2024-02-21T21:00:49.000Z",74,22,20.49,680,395,8,28.2,61
"2024-02-21T21:00:39.000Z",74,21.99,20.44,680,395,7,28.4,61.7
"2024-02-21T21:00:29.000Z",74,22,20.37,680,397,9,28.3,61
"2024-02-21T21:00:19.000Z",72,22,20.46,681,395,12,28.3,61
"2024-02-21T21:00:09.000Z",74,22,20.42,681,404,8,28.4,62
"2024-02-21T20:59:59.000Z",74,22.01,20.47,681,393,9,28.3,60.6
"2024-02-21T20:59:49.000Z",74,22.03,20.36,679,392,7,28.4,59.5
"2024-02-21T20:59:39.000Z",72,22.03,20.34,679,399,12,28.4,60.1
"2024-02-21T20:59:29.000Z",74,22.01,20.36,679,404,7,28.4,61.2
"2024-02-21T20:59:19.000Z",74,22.03,20.3,679,398,8,28.2,61.8
"2024-02-21T20:59:09.000Z",74,22.07,20.32,678,397,7,28.1,61.3
"2024-02-21T20:58:59.000Z",72,22.08,20.41,676,397,12,28.3,63.7
"2024-02-21T20:58:48.000Z",72,22.1,20.39,675,401,13,27,64.3
"2024-02-21T20:58:38.000Z",74,22.15,20.17,674,398,4,27.4,63
"2024-02-21T20:58:28.000Z",74,22.17,20.16,674,398,5,27.1,61.3
"2024-02-21T20:58:18.000Z",73,22.21,20.07,673,398,9,27,62
"2024-02-21T20:58:08.000Z",74,22.21,20.05,672,405,5,28,61.6
"2024-02-21T20:57:58.000Z",74,22.25,20.05,671,399,4,28.6,62.1
"2024-02-21T20:57:48.000Z",74,22.22,20.04,672,400,6,28.4,62.7
"2024-02-21T20:57:38.000Z",73,22.27,19.98,674,404,4,28.4,59.3
"2024-02-21T20:57:28.000Z",73,22.28,19.98,674,397,4,28.8,58
"2024-02-21T20:57:18.000Z",73,22.3,19.95,673,398,4,28.8,58.8
"2024-02-21T20:57:08.000Z",73,22.28,19.94,674,398,5,28.6,58.7
"2024-02-21T20:56:58.000Z",74,22.27,20.02,674,395,8,28.3,58.9
"2024-02-21T20:56:48.000Z",74,22.18,20.19,674,393,8,28.3,60.5
"2024-02-21T20:56:38.000Z",74,22.15,20.14,674,396,6,28.3,59.6
"2024-02-21T20:56:28.000Z",74,22.12,20.23,675,392,5,28,58.5
"2024-02-21T20:56:18.000Z",74,22.07,20.27,675,399,6,28.3,60.2
"2024-02-21T20:56:08.000Z",74,22.03,20.28,675,392,7,28,60.8
"2024-02-21T20:55:58.000Z",74,22.04,20.2,676,401,8,28.4,61.5
"2024-02-21T20:55:48.000Z",74,22.01,20.25,677,396,5,28.6,60.2
"2024-02-21T20:55:38.000Z",74,22.04,20.27,677,394,6,28.8,58.7
"2024-02-21T20:55:28.000Z",74,22.04,20.23,679,400,6,29.3,58.9
"2024-02-21T20:55:18.000Z",74,22.03,20.23,680,392,8,29.2,59.4
"2024-02-21T20:55:08.000Z",74,22.04,20.2,681,396,7,29.3,58.7
"2024-02-21T20:54:58.000Z",74,22.03,20.2,682,392,7,29.3,57.6
"2024-02-21T20:54:48.000Z",73,22.04,20.18,683,390,10,29.3,58.1
"2024-02-21T20:54:38.000Z",74,22.07,20.2,684,394,6,29.3,58.5
"2024-02-21T20:54:28.000Z",74,22.07,20.23,684,393,8,29.4,58.6
"2024-02-21T20:54:18.000Z",74,22.11,20.19,684,390,8,29.4,58.1
"2024-02-21T20:54:08.000Z",74,22.18,20.1,683,404,5,29.5,57.9
"2024-02-21T20:53:58.000Z",73,22.25,20.18,683,402,9,29.3,58
"2024-02-21T20:53:37.000Z",74,22.17,20.28,682,396,4,28.8,59.1
"2024-02-21T20:53:27.000Z",74,22.18,20.34,683,395,7,29,58.8
"2024-02-21T20:53:17.000Z",74,22.11,20.48,684,398,6,29.2,58.4
"2024-02-21T20:53:07.000Z",74,22.1,20.51,684,394,8,29.3,58.3
"2024-02-21T20:52:57.000Z",74,22.1,20.34,682,396,6,29.3,59.6
"2024-02-21T20:52:47.000Z",74,22.11,20.43,681,396,6,29.2,60.1
"2024-02-21T20:52:37.000Z",74,22.08,20.36,681,398,5,25.7,61.7
"2024-02-21T20:52:27.000Z",74,22.12,20.39,680,395,5,22.6,61.4
"2024-02-21T20:52:17.000Z",74,22.17,20.38,680,391,9,24,61.3
"2024-02-21T20:52:07.000Z",74,22.15,20.38,680,390,5,23.4,62
"2024-02-21T20:51:57.000Z",74,22.15,20.3,679,401,7,25,60.9
"2024-02-21T20:51:47.000Z",74,22.17,20.3,678,393,9,24.6,61.6
"2024-02-21T20:51:37.000Z",74,22.15,20.29,677,388,7,25.2,61.2
"2024-02-21T20:51:27.000Z",73,22.12,20.32,677,395,10,23.7,60.6
"2024-02-21T20:51:17.000Z",74,22.07,20.29,677,396,6,29.5,61
"2024-02-21T20:51:07.000Z",74,22.1,20.27,676,395,6,29,60.4
"2024-02-21T20:50:57.000Z",74,22.07,20.29,674,396,7,25.9,59.8
"2024-02-21T20:50:47.000Z",74,22.12,20.29,672,398,7,25.1,60
"2024-02-21T20:50:37.000Z",73,22.18,20.23,671,397,9,25.8,60.3
"2024-02-21T20:50:27.000Z",73,22.21,20.26,669,407,10,24.8,59.1
"2024-02-21T20:50:17.000Z",72,22.21,20.28,668,404,12,23.9,57.5
"2024-02-21T20:50:07.000Z",70,22.27,20.14,667,404,23,21.9,59.2
"2024-02-21T20:49:57.000Z",71,22.37,20.04,667,405,17,28.2,59.1
"2024-02-21T20:49:47.000Z",73,22.41,19.94,668,403,7,28.8,59.3
"2024-02-21T20:49:37.000Z",73,22.35,19.89,667,401,5,28.7,60.8
"2024-02-21T20:49:27.000Z",74,22.35,19.94,666,396,4,27.9,60.8
"2024-02-21T20:49:17.000Z",74,22.28,20,666,404,3,28.2,61.6
"2024-02-21T20:49:07.000Z",74,22.2,19.98,666,396,3,28.2,59.9
"2024-02-21T20:48:57.000Z",74,22.21,20.05,666,399,6,28.1,60.1
"2024-02-21T20:48:47.000Z",74,22.24,20.02,666,400,6,28.4,60.2
"2024-02-21T20:48:36.000Z",74,22.21,20.09,667,402,5,28.3,59.9
"2024-02-21T20:48:26.000Z",74,22.17,20.12,666,406,5,28.7,60.2
"2024-02-21T20:48:16.000Z",74,22.15,20.17,665,396,4,28.2,60.5
"2024-02-21T20:48:06.000Z",74,22.05,20.19,665,399,2,28.2,59.8
"2024-02-21T20:47:56.000Z",74,22.04,20.18,664,399,5,28.3,58.5
"2024-02-21T20:47:46.000Z",74,22.04,20.17,664,392,4,28,58.4
"2024-02-21T20:47:36.000Z",74,22.03,20.16,664,396,5,28.2,58.4
"2024-02-21T20:47:26.000Z",74,22.04,20.2,663,392,8,28.3,58.1
"2024-02-21T20:47:16.000Z",74,22.05,20.19,662,400,5,28.6,58.3
"2024-02-21T20:47:06.000Z",74,22.07,20.1,662,403,6,29,59.1
"2024-02-21T20:46:56.000Z",74,22.07,20.14,662,398,7,28.7,58.6
"2024-02-21T20:46:46.000Z",74,22.05,20.11,662,399,4,21.5,59.2
"2024-02-21T20:46:36.000Z",74,22.05,20.11,662,400,6,20.8,59.1
"2024-02-21T20:46:26.000Z",74,22.1,20.07,663,405,4,24.3,59.7
"2024-02-21T20:46:16.000Z",74,22.12,20.07,663,401,4,23.8,61.1
"2024-02-21T20:46:06.000Z",74,22.21,19.93,662,401,5,25,60.8
"2024-02-21T20:45:56.000Z",73,22.27,19.89,662,407,5,24.3,60.4
"2024-02-21T20:45:46.000Z",74,22.3,19.98,661,405,4,28.3,61.1
"2024-02-21T20:45:36.000Z",74,22.35,19.94,662,400,6,27.9,59.5
"2024-02-21T20:45:26.000Z",74,22.24,19.95,663,403,4,28.7,58.1
"2024-02-21T20:45:16.000Z",74,22.17,20.09,663,404,4,28.3,58.8
"2024-02-21T20:45:06.000Z",74,22.12,20,663,401,4,28,60.1
"2024-02-21T20:44:56.000Z",74,22.12,20.05,662,409,5,28,59.3
"2024-02-21T20:44:46.000Z",74,22.14,20.07,662,402,4,28.2,60.3
"2024-02-21T20:44:36.000Z",74,22.12,20.07,661,401,7,28.6,61
"2024-02-21T20:44:26.000Z",74,22.11,20.13,660,399,4,28.7,60
"2024-02-21T20:44:16.000Z",74,22.11,20.1,660,405,6,29,58.6
"2024-02-21T20:44:06.000Z",74,22.11,20.19,660,402,4,29.3,59.1
"2024-02-21T20:43:56.000Z",74,22.1,20.07,659,406,4,29.4,58.9
"2024-02-21T20:43:46.000Z",74,22.12,20.07,660,406,5,29.4,58.7
"2024-02-21T20:43:36.000Z",74,22.1,20.01,662,403,8,29.5,59.2
"2024-02-21T20:43:25.000Z",74,22.12,20.03,662,404,8,29.6,60.3
"2024-02-21T20:43:15.000Z",74,22.14,20.02,663,402,5,29.8,60.2
"2024-02-21T20:43:05.000Z",74,22.17,19.98,662,403,7,29.6,57.9
"2024-02-21T20:42:55.000Z",74,22.18,19.95,663,400,5,29.6,56.3
"2024-02-21T20:42:45.000Z",73,22.22,19.93,663,413,8,29.8,56.2
"2024-02-21T20:42:35.000Z",73,22.28,19.89,664,399,3,29.6,57.1
"2024-02-21T20:42:25.000Z",73,22.34,19.85,664,404,3,29.8,57
"2024-02-21T20:42:15.000Z",74,22.32,19.89,664,396,5,29.8,57.2
"2024-02-21T20:42:05.000Z",74,22.28,19.95,664,404,6,29.8,58.8
"2024-02-21T20:41:55.000Z",74,22.24,20.02,666,397,4,29.9,58.4
"2024-02-21T20:41:45.000Z",74,22.18,20.02,665,403,4,29.5,56.7
"2024-02-21T20:41:35.000Z",74,22.17,20.07,665,404,3,29.5,57.2
"2024-02-21T20:41:25.000Z",74,22.2,20.09,665,398,7,29.5,58.4
"2024-02-21T20:41:15.000Z",74,22.15,20.03,666,404,3,29.4,56.6
"2024-02-21T20:41:05.000Z",74,22.15,20.02,668,396,4,29.6,57.4
"2024-02-21T20:40:55.000Z",74,22.12,20.14,669,404,3,29.5,56.6
"2024-02-21T20:40:45.000Z",74,22.08,20.14,669,398,3,29.5,56.5
"2024-02-21T20:40:35.000Z",74,22.11,20.1,670,410,5,29.5,56.5
"2024-02-21T20:40:25.000Z",74,22.1,20.12,671,401,5,29.5,56.6
"2024-02-21T20:40:15.000Z",74,22.1,20.07,672,402,7,29.6,56.8
"2024-02-21T20:40:05.000Z",74,22.14,20.07,672,399,7,29.3,57.6
"2024-02-21T20:39:55.000Z",74,22.12,20,671,405,6,29.5,57.8
"2024-02-21T20:39:45.000Z",74,22.17,20,670,400,6,29.4,56.1
"2024-02-21T20:39:35.000Z",74,22.21,20.04,670,401,5,29.6,56
"2024-02-21T20:39:25.000Z",73,22.25,19.92,669,401,4,29.6,57.8
"2024-02-21T20:39:15.000Z",73,22.28,19.94,669,403,3,29.9,58.3
"2024-02-21T20:39:05.000Z",73,22.32,19.92,669,408,6,30,58
"2024-02-21T20:38:55.000Z",73,22.35,19.92,670,408,5,30,58.7
"2024-02-21T20:38:45.000Z",73,22.41,19.86,671,408,3,30,58.2
"2024-02-21T20:38:35.000Z",73,22.42,19.79,670,405,5,29.9,60.1
"2024-02-21T20:38:24.000Z",73,22.41,19.8,670,406,6,29.9,60.2
"2024-02-21T20:38:14.000Z",73,22.44,19.82,669,405,7,29.9,59.6
"2024-02-21T20:38:04.000Z",73,22.41,19.8,669,404,4,30,59.9
"2024-02-21T20:37:54.000Z",73,22.39,19.8,669,405,5,30,60.2
"2024-02-21T20:37:44.000Z",73,22.39,19.87,670,398,6,30.1,59.8
"2024-02-21T20:37:34.000Z",73,22.38,19.84,671,401,5,30.1,59.4
"2024-02-21T20:37:24.000Z",73,22.34,19.97,672,400,8,30.1,59
"2024-02-21T20:37:14.000Z",73,22.3,19.89,672,398,7,30.2,58.8
"2024-02-21T20:37:04.000Z",73,22.28,19.92,672,403,6,30.2,59
"2024-02-21T20:36:54.000Z",73,22.28,19.89,673,405,6,30.2,59.3
"2024-02-21T20:36:44.000Z",73,22.34,19.91,674,399,5,30.2,60
"2024-02-21T20:36:34.000Z",73,22.38,19.82,675,406,3,30.2,60.5
"2024-02-21T20:36:24.000Z",73,22.44,19.73,675,406,4,30.4,61
"2024-02-21T20:36:14.000Z",73,22.47,19.77,675,395,6,30.2,60.8
"2024-02-21T20:36:04.000Z",73,22.45,19.7,676,403,5,30.1,61.2
"2024-02-21T20:35:54.000Z",73,22.52,19.73,677,402,5,30.2,62.1
"2024-02-21T20:35:44.000Z",73,22.44,19.79,678,405,8,30.1,59
"2024-02-21T20:35:34.000Z",73,22.37,19.85,678,406,7,30.1,59.3
"2024-02-21T20:35:24.000Z",73,22.38,19.79,678,401,5,30.2,60.3
"2024-02-21T20:35:14.000Z",73,22.32,19.87,679,404,6,30.4,60
"2024-02-21T20:35:04.000Z",73,22.37,19.87,679,404,8,30.4,59.7
"2024-02-21T20:34:54.000Z",73,22.45,19.77,678,408,6,30.4,58.6
"2024-02-21T20:34:44.000Z",73,22.51,19.84,678,405,3,30.2,58.7
"2024-02-21T20:34:34.000Z",73,22.48,19.8,678,413,3,30.4,58.6
"2024-02-21T20:34:24.000Z",73,22.49,19.75,679,406,4,30.4,58.7
"2024-02-21T20:34:14.000Z",73,22.41,19.82,681,412,4,30.4,59.1
"2024-02-21T20:34:04.000Z",73,22.41,19.84,682,407,6,30.5,60
"2024-02-21T20:33:54.000Z",73,22.44,19.86,682,411,4,30.5,60
"2024-02-21T20:33:44.000Z",73,22.41,19.94,683,407,4,30.4,59.8
"2024-02-21T20:33:34.000Z",73,22.35,19.92,683,407,5,30.1,59.5
"2024-02-21T20:33:24.000Z",73,22.32,19.98,682,410,6,30.2,59.5
"2024-02-21T20:33:13.000Z",73,22.27,19.98,683,406,5,29.9,61
"2024-02-21T20:33:03.000Z",73,22.22,20.04,683,404,4,30.1,59.9
"2024-02-21T20:32:53.000Z",74,22.22,20.05,683,395,4,30.1,59.9
"2024-02-21T20:32:43.000Z",73,22.18,20.02,685,407,4,30.5,59.5
"2024-02-21T20:32:33.000Z",73,22.18,20.09,684,402,4,30.5,59
"2024-02-21T20:32:23.000Z",74,22.08,20.2,684,412,4,30.5,60
"2024-02-21T20:32:13.000Z",74,22.07,20.22,684,411,3,30.5,60.3
"2024-02-21T20:32:03.000Z",74,22.04,20.23,684,409,5,30.5,60.9
"2024-02-21T20:31:53.000Z",74,22.01,20.22,684,407,5,30.2,61.1
"2024-02-21T20:31:43.000Z",74,22.04,20.2,683,412,5,29.8,60.1
"2024-02-21T20:31:33.000Z",74,22.05,20.22,682,407,5,30,58.5
"2024-02-21T20:31:23.000Z",74,22.1,20.17,683,410,8,30.1,58.1
"2024-02-21T20:31:13.000Z",74,22.11,20.2,684,408,5,30,57.6
"2024-02-21T20:31:03.000Z",73,22.12,20.13,685,407,7,30.2,58
"2024-02-21T20:30:53.000Z",74,22.15,20.16,686,407,4,30.1,57.9
"2024-02-21T20:30:43.000Z",74,22.15,20.16,687,410,6,30.6,58.8
"2024-02-21T20:30:33.000Z",73,22.14,20.17,689,410,7,30.7,58
"2024-02-21T20:30:23.000Z",74,22.14,20.19,690,401,8,30.7,59.3
"2024-02-21T20:30:13.000Z",73,22.12,20.17,690,410,3,30.7,59.9
"2024-02-21T20:30:03.000Z",73,22.12,20.13,690,407,6,30.8,61.1
"2024-02-21T20:29:53.000Z",73,22.15,20.1,690,408,3,30.8,59.5
"2024-02-21T20:29:43.000Z",73,22.15,20.1,692,408,3,30.8,58.8
"2024-02-21T20:29:33.000Z",73,22.18,20.17,692,412,5,30.8,58
"2024-02-21T20:29:23.000Z",73,22.18,20.1,693,414,4,30.8,57.9
"2024-02-21T20:29:13.000Z",73,22.22,20.02,693,409,6,30.7,59
"2024-02-21T20:29:03.000Z",73,22.21,20,694,411,3,30.7,58.7
"2024-02-21T20:28:53.000Z",73,22.27,20.04,694,409,4,30.8,59
"2024-02-21T20:28:43.000Z",73,22.22,20.04,694,416,6,30.8,58.8
"2024-02-21T20:28:33.000Z",73,22.3,19.98,693,416,6,30.7,60.3
"2024-02-21T20:28:23.000Z",73,22.34,19.94,694,413,7,30.8,60.5
"2024-02-21T20:28:12.000Z",73,22.35,19.92,694,407,3,31,60.3
"2024-02-21T20:28:02.000Z",73,22.38,19.84,694,417,2,31,60.4
"2024-02-21T20:27:52.000Z",73,22.45,19.84,693,414,3,31,60.6
"2024-02-21T20:27:42.000Z",73,22.45,19.8,694,412,7,31,61.1
"2024-02-21T20:27:32.000Z",73,22.45,19.89,695,417,6,31,61.2
"2024-02-21T20:27:22.000Z",73,22.41,19.87,695,418,5,31.1,60.9
"2024-02-21T20:27:12.000Z",73,22.42,19.89,696,417,5,31,60.4
"2024-02-21T20:27:02.000Z",73,22.39,19.94,696,418,5,31.1,60.4
"2024-02-21T20:26:52.000Z",73,22.37,19.96,695,418,6,31.1,60.2
"2024-02-21T20:26:42.000Z",73,22.31,19.97,694,414,6,31.1,60.3
"2024-02-21T20:26:32.000Z",73,22.34,20.03,695,414,7,31.1,58.6
"2024-02-21T20:26:22.000Z",73,22.37,19.94,696,421,4,31.1,59.1
"2024-02-21T20:26:12.000Z",73,22.41,19.82,696,423,4,31.1,60.1
"2024-02-21T20:26:02.000Z",73,22.55,19.73,697,418,7,31.2,59.6
"2024-02-21T20:25:52.000Z",73,22.59,19.73,698,417,4,31.2,59.1
"2024-02-21T20:25:42.000Z",73,22.59,19.8,699,423,5,31.2,57.3
"2024-02-21T20:25:32.000Z",73,22.56,19.86,700,423,5,31.2,57.1
"2024-02-21T20:25:22.000Z",73,22.47,19.96,700,419,7,31.3,56.7
"2024-02-21T20:25:12.000Z",73,22.38,19.98,700,420,6,31.3,56.3
"2024-02-21T20:25:02.000Z",73,22.34,20.03,701,421,5,31.3,56.2
"2024-02-21T20:24:52.000Z",73,22.31,20.02,702,421,6,31.3,56.7
"2024-02-21T20:24:42.000Z",73,22.3,20.02,702,429,6,31.4,57
"2024-02-21T20:24:32.000Z",73,22.31,19.98,702,433,5,31.3,56.5
"2024-02-21T20:24:22.000Z",73,22.37,20.01,701,428,5,31.3,57.3
"2024-02-21T20:24:12.000Z",73,22.35,20.01,702,429,7,31.4,57.2
"2024-02-21T20:24:02.000Z",73,22.38,20.01,702,431,6,31.4,57.9
"2024-02-21T20:23:52.000Z",73,22.35,20.01,701,426,8,31.4,56.8
"2024-02-21T20:23:42.000Z",73,22.41,19.98,700,429,8,31.4,56.9
"2024-02-21T20:23:32.000Z",73,22.42,19.94,701,422,6,31.4,58
"2024-02-21T20:23:22.000Z",73,22.48,19.91,701,422,5,31.4,57.5
"2024-02-21T20:23:12.000Z",73,22.51,19.84,702,422,7,31.4,56.8
"2024-02-21T20:23:01.000Z",73,22.48,19.89,703,415,4,31.5,57.2
"2024-02-21T20:22:51.000Z",73,22.49,19.91,704,422,2,31.7,56.8
"2024-02-21T20:22:41.000Z",73,22.47,19.91,705,428,5,31.5,57.2
"2024-02-21T20:22:31.000Z",73,22.47,19.98,707,423,7,31.3,57.8
"2024-02-21T20:22:21.000Z",73,22.41,20.05,708,435,5,31.2,57.9
"2024-02-21T20:22:11.000Z",73,22.35,20.18,710,430,6,31.3,57.7
"2024-02-21T20:22:01.000Z",73,22.28,20.12,710,427,7,31.2,57.7
"2024-02-21T20:21:51.000Z",73,22.27,20.18,711,434,5,31.2,56.7
"2024-02-21T20:21:41.000Z",73,22.31,20.09,712,431,5,31.1,57
"2024-02-21T20:21:31.000Z",73,22.32,20.13,713,443,6,31.2,58.9
"2024-02-21T20:21:21.000Z",73,22.41,19.98,713,428,8,31,59.3
"2024-02-21T20:21:11.000Z",73,22.48,19.98,714,437,8,31.1,59.5
"2024-02-21T20:21:01.000Z",73,22.51,20,714,436,7,31.2,57.6
"2024-02-21T20:20:51.000Z",72,22.47,19.98,714,450,4,31.1,56.4
"2024-02-21T20:20:41.000Z",72,22.49,19.93,715,446,5,31.4,55.9
"2024-02-21T20:20:31.000Z",73,22.52,20,716,441,4,31.7,57.1
"2024-02-21T20:20:21.000Z",73,22.54,19.97,716,437,2,31.7,57.9
"2024-02-21T20:20:11.000Z",73,22.54,19.95,716,435,2,31.8,58.4
"2024-02-21T20:20:01.000Z",73,22.52,20,716,442,2,31.9,59.5
"2024-02-21T20:19:51.000Z",73,22.54,20,716,445,4,31.8,61.1
"2024-02-21T20:19:41.000Z",73,22.51,20,716,442,3,31.5,60.9
"2024-02-21T20:19:31.000Z",72,22.52,20,715,454,2,31.9,58.9
"2024-02-21T20:19:21.000Z",73,22.48,20.07,715,454,4,32,59.4
"2024-02-21T20:19:11.000Z",73,22.48,20.1,715,444,5,32,60.1
"2024-02-21T20:19:01.000Z",73,22.48,20.17,716,457,4,32,60.5
"2024-02-21T20:18:51.000Z",73,22.44,20.23,715,465,6,32,59.8
"2024-02-21T20:18:41.000Z",73,22.41,20.22,714,470,5,32,58.4
"2024-02-21T20:18:31.000Z",73,22.38,20.32,713,465,8,31.9,58.1
"2024-02-21T20:18:21.000Z",73,22.35,20.29,713,472,8,31.9,58
"2024-02-21T20:18:11.000Z",73,22.31,20.3,713,476,5,31.9,58
"2024-02-21T20:18:01.000Z",73,22.31,20.32,714,481,8,31.9,59.3
"2024-02-21T20:17:50.000Z",73,22.28,20.3,713,461,5,32,58.8
"2024-02-21T20:17:40.000Z",73,22.35,20.3,712,499,5,32,59
"2024-02-21T20:17:30.000Z",73,22.37,20.35,712,522,6,32.1,57.2
"2024-02-21T20:17:20.000Z",73,22.35,20.41,713,517,5,32.29,56.9
"2024-02-21T20:17:10.000Z",73,22.27,20.44,713,553,5,32.29,57.2
"2024-02-21T20:17:00.000Z",73,22.17,20.55,715,538,5,32.29,59.2
"2024-02-21T20:16:50.000Z",73,22.03,20.51,716,559,8,32.1,58.9
