"timestamp","score","temp","humid","co2","voc","pm25","lux","spl_a"
"2024-02-14T21:27:17.000Z",77,22.18,19.95,584,202,4,63.4,54.6
"2024-02-14T21:27:07.000Z",76,22.18,19.88,584,221,4,63.3,54.3
"2024-02-14T21:26:57.000Z",76,22.25,19.85,584,222,9,63.4,54.6
"2024-02-14T21:26:46.000Z",76,22.24,19.89,583,225,9,63.4,55.1
"2024-02-14T21:26:36.000Z",76,22.22,19.89,584,223,5,63.5,54.8
"2024-02-14T21:26:26.000Z",77,22.2,19.96,584,215,6,63.4,55.1
"2024-02-14T21:26:16.000Z",77,22.18,20.02,586,214,6,63.4,55.2
"2024-02-14T21:26:06.000Z",77,22.18,19.96,587,210,7,63.4,54.9
"2024-02-14T21:25:56.000Z",77,22.17,19.98,586,216,7,63.4,54.9
"2024-02-14T21:25:46.000Z",76,22.12,19.93,587,221,6,63.4,55.5
"2024-02-14T21:25:36.000Z",77,22.17,19.97,587,215,4,63.5,55.1
"2024-02-14T21:25:26.000Z",77,22.18,20,588,213,5,63.4,55
"2024-02-14T21:25:16.000Z",76,22.17,19.93,589,215,4,63.5,55.7
"2024-02-14T21:25:06.000Z",77,22.22,19.97,589,212,8,63.5,56.1
"2024-02-14T21:24:56.000Z",76,22.22,19.97,589,217,5,63.5,57.2
"2024-02-14T21:24:46.000Z",77,22.21,19.98,588,219,8,63.6,55.7
"2024-02-14T21:24:36.000Z",75,22.24,19.88,588,220,11,63.6,54.9
"2024-02-14T21:24:26.000Z",74,22.28,19.94,589,228,12,63.5,54.8
"2024-02-14T21:24:16.000Z",76,22.3,19.88,589,212,6,63.6,55.4
"2024-02-14T21:24:06.000Z",76,22.18,19.93,591,217,5,63.5,55
"2024-02-14T21:23:56.000Z",76,22.21,19.97,592,227,8,63.5,55.9
"2024-02-14T21:23:46.000Z",76,22.22,20.04,594,226,8,63.5,55.9
"2024-02-14T21:23:36.000Z",76,22.21,19.95,594,216,5,63.5,54.8
"2024-02-14T21:23:26.000Z",76,22.2,19.95,594,210,5,63.5,55.4
"2024-02-14T21:23:16.000Z",76,22.24,19.93,594,210,7,63.5,55.6
"2024-02-14T21:23:06.000Z",76,22.25,19.98,596,221,8,63.6,55.2
"2024-02-14T21:22:56.000Z",76,22.2,20.02,596,226,7,63.6,54.1
"2024-02-14T21:22:46.000Z",77,22.18,20.07,596,215,4,63.6,54.2
"2024-02-14T21:22:36.000Z",76,22.17,20.02,596,219,7,63.6,54.4
"2024-02-14T21:22:26.000Z",76,22.2,19.96,596,234,8,63.6,55
"2024-02-14T21:22:16.000Z",76,22.18,20.03,596,216,7,63.6,54.6
"2024-02-14T21:22:06.000Z",74,22.18,20.03,599,214,12,63.6,54.6
"2024-02-14T21:21:56.000Z",76,22.2,20.02,600,223,9,63.6,54.3
"2024-02-14T21:21:46.000Z",76,22.24,19.93,600,223,7,63.7,54.5
"2024-02-14T21:21:35.000Z",76,22.21,20.02,600,210,7,63.7,54.6
"2024-02-14T21:21:25.000Z",75,22.17,20,601,217,10,63.7,54.2
"2024-02-14T21:21:15.000Z",76,22.18,20.02,601,214,7,63.7,54.4
"2024-02-14T21:21:05.000Z",76,22.17,19.98,601,215,6,63.7,54.7
"2024-02-14T21:20:55.000Z",76,22.21,19.93,602,221,7,63.7,54.9
"2024-02-14T21:20:45.000Z",76,22.21,20.02,602,217,8,63.9,54.6
"2024-02-14T21:20:35.000Z",76,22.2,19.98,602,224,9,63.9,55
"2024-02-14T21:20:25.000Z",76,22.14,19.98,603,222,5,63.7,55.5
"2024-02-14T21:20:15.000Z",76,22.18,20.05,603,212,7,63.7,55.2
"2024-02-14T21:20:05.000Z",76,22.15,20.03,603,234,6,63.7,55.5
"2024-02-14T21:19:55.000Z",76,22.14,20.07,604,216,6,63.9,54.6
"2024-02-14T21:19:45.000Z",76,22.15,20.03,604,221,6,63.9,54.6
"2024-02-14T21:19:35.000Z",75,22.15,20.07,604,219,10,63.9,55.1
"2024-02-14T21:19:25.000Z",76,22.21,19.98,605,221,7,63.9,55.4
"2024-02-14T21:19:15.000Z",76,22.24,19.95,606,222,6,63.9,55.4
"2024-02-14T21:19:05.000Z",76,22.21,19.97,605,223,8,64,54.9
"2024-02-14T21:18:55.000Z",76,22.2,19.96,606,217,6,63.9,54.2
"2024-02-14T21:18:45.000Z",76,22.21,20,606,217,6,64,54.4
"2024-02-14T21:18:35.000Z",76,22.22,20.02,606,222,4,63.9,54.5
"2024-02-14T21:18:25.000Z",76,22.21,19.97,607,226,7,63.9,54.6
"2024-02-14T21:18:15.000Z",76,22.2,20.04,608,234,9,64,55
"2024-02-14T21:18:05.000Z",76,22.2,20.02,609,210,7,64,55.3
"2024-02-14T21:17:55.000Z",76,22.22,19.91,609,225,6,64,56.1
"2024-02-14T21:17:45.000Z",76,22.24,19.95,609,215,9,64,54.6
"2024-02-14T21:17:35.000Z",73,22.25,19.89,609,219,15,64,54.5
"2024-02-14T21:17:25.000Z",76,22.24,19.98,609,220,8,64,54.9
"2024-02-14T21:17:15.000Z",76,22.24,20,609,213,8,64,54.9
"2024-02-14T21:17:05.000Z",75,22.22,19.98,609,226,10,64.09,54.6
"2024-02-14T21:16:55.000Z",76,22.22,19.97,609,219,4,64,55.2
"2024-02-14T21:16:45.000Z",76,22.22,20.04,609,218,3,64,54.6
"2024-02-14T21:16:35.000Z",76,22.15,20.03,610,214,7,64,54.9
"2024-02-14T21:16:24.000Z",76,22.21,20,610,222,8,64,55
"2024-02-14T21:16:14.000Z",76,22.25,20.02,610,222,8,64.09,55.5
"2024-02-14T21:16:04.000Z",76,22.28,19.94,609,221,5,64.09,55.4
"2024-02-14T21:15:54.000Z",76,22.18,20.09,608,232,7,64.09,55
"2024-02-14T21:15:44.000Z",76,22.15,20.07,609,225,7,64.09,55.3
"2024-02-14T21:15:34.000Z",76,22.18,20.02,609,217,6,64.09,55.7
"2024-02-14T21:15:24.000Z",76,22.18,19.96,609,220,7,64.09,55.8
"2024-02-14T21:15:14.000Z",76,22.18,20.03,609,221,6,64.2,54.8
"2024-02-14T21:15:04.000Z",75,22.2,20.04,610,220,10,64.09,55.4
"2024-02-14T21:14:54.000Z",76,22.24,19.95,611,222,7,64.2,55
"2024-02-14T21:14:44.000Z",76,22.18,20.03,611,221,5,64.2,55
"2024-02-14T21:14:34.000Z",76,22.21,20,612,224,6,64.2,54.8
"2024-02-14T21:14:24.000Z",76,22.18,20,612,227,6,64.3,55.2
"2024-02-14T21:14:14.000Z",75,22.21,19.98,613,218,10,64.2,55.9
"2024-02-14T21:14:04.000Z",76,22.22,20.02,613,221,6,64.2,55.7
"2024-02-14T21:13:54.000Z",76,22.15,19.98,613,228,5,64.2,56
"2024-02-14T21:13:44.000Z",74,22.18,20.07,613,223,13,64.3,55.2
"2024-02-14T21:13:34.000Z",75,22.21,20.04,614,223,11,64.3,55.2
"2024-02-14T21:13:24.000Z",75,22.22,19.98,614,223,10,64.3,55.2
"2024-02-14T21:13:14.000Z",76,22.21,20.07,615,214,9,64.4,54.9
"2024-02-14T21:13:04.000Z",74,22.18,20.03,615,229,12,64.3,55.2
"2024-02-14T21:12:54.000Z",76,22.15,20.05,615,223,7,64.3,54.7
"2024-02-14T21:12:44.000Z",76,22.21,20.02,614,226,7,64.3,55.3
"2024-02-14T21:12:34.000Z",76,22.18,20.05,614,228,9,64.3,55
"2024-02-14T21:12:24.000Z",76,22.17,20.02,614,227,7,64.4,55.1
"2024-02-14T21:12:14.000Z",76,22.14,20.03,615,219,9,64.4,55.2
"2024-02-14T21:12:04.000Z",76,22.15,20.02,616,227,8,64.4,55.6
"2024-02-14T21:11:54.000Z",74,22.21,19.93,617,227,12,64.4,55.6
"2024-02-14T21:11:44.000Z",74,22.22,19.97,616,219,13,64.4,55.7
"2024-02-14T21:11:34.000Z",74,22.24,19.95,616,217,13,64.4,54.7
"2024-02-14T21:11:23.000Z",75,22.24,19.98,616,218,10,64.59,55
"2024-02-14T21:11:13.000Z",74,22.22,20,616,229,11,64.59,54.8
"2024-02-14T21:11:03.000Z",75,22.22,20.09,617,226,11,64.59,54.8
"2024-02-14T21:10:53.000Z",74,22.17,20.09,618,236,11,64.59,55.2
"2024-02-14T21:10:43.000Z",76,22.15,20.07,618,231,9,64.59,55.3
"2024-02-14T21:10:33.000Z",76,22.15,20.03,618,228,9,64.7,55
"2024-02-14T21:10:23.000Z",74,22.24,20,618,227,12,64.7,55.3
"2024-02-14T21:10:13.000Z",74,22.22,19.95,618,228,11,64.7,55.8
"2024-02-14T21:10:03.000Z",74,22.24,19.97,620,227,14,64.7,56.4
"2024-02-14T21:09:53.000Z",73,22.22,20,620,231,16,64.8,55.5
"2024-02-14T21:09:43.000Z",74,22.22,20,621,227,12,64.8,55.3
"2024-02-14T21:09:33.000Z",74,22.24,20.04,621,227,13,64.8,55.8
"2024-02-14T21:09:23.000Z",74,22.2,20.05,621,222,13,64.8,55.3
"2024-02-14T21:09:13.000Z",76,22.21,19.97,622,225,7,64.8,55
"2024-02-14T21:09:03.000Z",75,22.22,20.04,622,227,10,64.8,55.8
"2024-02-14T21:08:53.000Z",74,22.2,19.91,622,216,12,64.9,55.4
"2024-02-14T21:08:43.000Z",73,22.31,19.89,623,227,14,64.9,55.8
"2024-02-14T21:08:33.000Z",73,22.32,19.89,622,230,15,64.9,55.1
"2024-02-14T21:08:23.000Z",75,22.27,19.89,622,230,9,64.8,55.9
"2024-02-14T21:08:13.000Z",75,22.3,19.94,623,226,10,64.9,56.4
"2024-02-14T21:08:03.000Z",75,22.32,19.78,623,223,9,64.9,55.5
"2024-02-14T21:07:53.000Z",75,22.37,19.82,623,217,9,64.9,56.1
"2024-02-14T21:07:43.000Z",74,22.35,19.85,623,227,11,64.9,58.1
"2024-02-14T21:07:33.000Z",75,22.39,19.84,624,216,9,64.9,58
"2024-02-14T21:07:23.000Z",74,22.3,19.87,626,223,11,64.3,58.1
"2024-02-14T21:07:13.000Z",75,22.28,19.75,627,214,9,64.59,60.1
"2024-02-14T21:07:03.000Z",75,22.32,19.87,626,227,9,64.4,62.6
"2024-02-14T21:06:53.000Z",75,22.28,19.89,626,229,10,61.9,62.5
"2024-02-14T21:06:43.000Z",74,22.34,19.88,627,233,12,62.2,59.7
"2024-02-14T21:06:33.000Z",73,22.37,19.8,627,222,13,64.7,60.7
"2024-02-14T21:06:23.000Z",73,22.41,19.72,627,226,16,64.8,60.6
"2024-02-14T21:06:12.000Z",72,22.51,19.57,627,223,17,65.2,57.8
"2024-02-14T21:06:02.000Z",73,22.63,19.54,628,234,12,65.2,58.2
"2024-02-14T21:05:52.000Z",75,22.66,19.55,628,234,8,65.3,56.7
"2024-02-14T21:05:42.000Z",73,22.63,19.62,629,228,13,65.3,55.7
"2024-02-14T21:05:32.000Z",75,22.6,19.61,630,227,9,65.2,56
"2024-02-14T21:05:22.000Z",75,22.59,19.67,630,230,9,65.3,56.8
"2024-02-14T21:05:12.000Z",73,22.49,19.57,630,234,14,65.3,55.8
"2024-02-14T21:05:02.000Z",74,22.63,19.55,629,229,10,65.3,56.6
"2024-02-14T21:04:52.000Z",74,22.59,19.59,628,223,11,65.3,56.5
"2024-02-14T21:04:42.000Z",74,22.6,19.59,627,227,11,65.3,56.7
"2024-02-14T21:04:32.000Z",73,22.65,19.66,627,232,13,65.4,57.4
"2024-02-14T21:04:22.000Z",75,22.56,19.64,627,231,9,65.4,57.3
"2024-02-14T21:04:12.000Z",73,22.56,19.69,628,226,12,65.4,56.4
"2024-02-14T21:04:02.000Z",73,22.55,19.78,627,229,14,65.3,56.3
"2024-02-14T21:03:52.000Z",74,22.45,19.84,626,229,11,65.4,56.6
"2024-02-14T21:03:42.000Z",74,22.41,19.84,626,226,11,65.4,57.4
"2024-02-14T21:03:32.000Z",73,22.37,19.85,625,224,16,65.3,58
"2024-02-14T21:03:22.000Z",74,22.35,19.82,625,218,12,65.4,58.5
"2024-02-14T21:03:12.000Z",74,22.39,19.79,625,224,11,65.4,59.6
"2024-02-14T21:03:02.000Z",74,22.45,19.73,625,231,10,65.4,58.2
"2024-02-14T21:02:52.000Z",74,22.47,19.64,625,230,11,65.4,58.2
"2024-02-14T21:02:42.000Z",73,22.58,19.66,624,225,13,65.4,57.8
"2024-02-14T21:02:32.000Z",73,22.65,19.59,624,217,14,65.4,58.8
"2024-02-14T21:02:22.000Z",73,22.63,19.64,623,232,14,65.4,59.2
"2024-02-14T21:02:12.000Z",73,22.56,19.64,623,233,13,65.4,58.5
"2024-02-14T21:02:02.000Z",73,22.55,19.69,621,225,16,65.4,59.7
"2024-02-14T21:01:52.000Z",73,22.51,19.69,621,222,13,65.4,60.6
"2024-02-14T21:01:42.000Z",73,22.54,19.6,619,224,13,65.5,60.6
"2024-02-14T21:01:32.000Z",74,22.58,19.64,618,228,10,65.4,60.4
"2024-02-14T21:01:22.000Z",73,22.56,19.59,616,236,16,65.5,61.3
"2024-02-14T21:01:12.000Z",73,22.63,19.57,615,226,14,65.5,61.4
"2024-02-14T21:01:01.000Z",74,22.65,19.64,614,231,11,65.5,59.7
"2024-02-14T21:00:51.000Z",75,22.66,19.55,612,225,5,65.59,59.5
"2024-02-14T21:00:41.000Z",75,22.66,19.63,612,223,9,65.59,58.9
"2024-02-14T21:00:31.000Z",74,22.58,19.67,612,222,11,65.59,58.4
"2024-02-14T21:00:21.000Z",76,22.55,19.69,611,223,8,65.8,58
"2024-02-14T21:00:11.000Z",75,22.49,19.69,611,227,10,65.9,57.8
"2024-02-14T21:00:01.000Z",73,22.51,19.69,611,232,12,65.9,58
"2024-02-14T20:59:51.000Z",73,22.52,19.6,609,229,13,65.9,57.8
"2024-02-14T20:59:41.000Z",73,22.58,19.64,608,222,13,65.9,58
"2024-02-14T20:59:31.000Z",74,22.56,19.6,608,225,10,66,58.1
"2024-02-14T20:59:21.000Z",75,22.59,19.62,607,220,9,66,57.7
"2024-02-14T20:59:11.000Z",75,22.58,19.71,608,222,10,66.09,56.9
"2024-02-14T20:59:01.000Z",74,22.48,19.79,606,222,11,66.09,57.1
"2024-02-14T20:58:51.000Z",73,22.41,19.87,607,232,15,66.09,56.6
"2024-02-14T20:58:41.000Z",74,22.38,19.84,607,230,12,66.2,57.5
"2024-02-14T20:58:31.000Z",73,22.42,19.73,608,224,13,66.2,57.5
"2024-02-14T20:58:21.000Z",75,22.52,19.64,608,231,9,66.2,57.2
"2024-02-14T20:58:11.000Z",75,22.62,19.61,609,227,9,66.4,56.6
"2024-02-14T20:58:01.000Z",73,22.56,19.69,611,233,14,66.5,56.4
"2024-02-14T20:57:51.000Z",75,22.55,19.64,611,218,10,66.5,57.3
"2024-02-14T20:57:41.000Z",73,22.62,19.75,611,233,13,66.5,57.1
"2024-02-14T20:57:31.000Z",73,22.58,19.69,610,232,16,66.59,57
"2024-02-14T20:57:21.000Z",74,22.54,19.79,607,229,13,66.59,56
"2024-02-14T20:57:11.000Z",74,22.58,19.66,606,231,11,66.7,56.3
"2024-02-14T20:57:01.000Z",74,22.58,19.69,605,220,13,66.59,56.1
"2024-02-14T20:56:51.000Z",76,22.59,19.69,605,232,7,66.7,55.6
"2024-02-14T20:56:41.000Z",76,22.56,19.64,605,219,6,66.8,55.8
"2024-02-14T20:56:31.000Z",76,22.55,19.73,606,231,6,66.8,56
"2024-02-14T20:56:21.000Z",74,22.52,19.69,607,222,11,66.9,57.2
"2024-02-14T20:56:11.000Z",75,22.54,19.69,608,230,10,66.9,58.2
"2024-02-14T20:56:01.000Z",76,22.52,19.69,607,225,8,66.9,58.6
"2024-02-14T20:55:50.000Z",76,22.54,19.73,606,215,8,66.8,58.1
"2024-02-14T20:55:40.000Z",76,22.49,19.73,605,225,7,66.9,57.8
"2024-02-14T20:55:30.000Z",76,22.48,19.77,606,222,4,66.9,56.5
"2024-02-14T20:55:20.000Z",76,22.42,19.87,605,219,7,67.09,56.5
"2024-02-14T20:55:10.000Z",76,22.34,19.88,605,233,7,67.09,56.3
"2024-02-14T20:55:00.000Z",76,22.31,19.97,604,226,8,67.2,56.5
"2024-02-14T20:54:50.000Z",75,22.27,19.97,604,228,10,67.2,57.6
"2024-02-14T20:54:40.000Z",76,22.21,19.95,604,232,7,67.3,59
"2024-02-14T20:54:30.000Z",75,22.11,20.03,605,218,11,67.3,57
"2024-02-14T20:54:20.000Z",75,22.12,20.13,605,221,10,67.3,57.9
"2024-02-14T20:54:10.000Z",74,22.11,20.07,606,221,16,67.2,58.4
"2024-02-14T20:54:00.000Z",76,22.14,20.07,606,220,9,67.3,58.7
"2024-02-14T20:53:50.000Z",76,22.17,19.98,606,225,7,67.3,58.7
"2024-02-14T20:53:40.000Z",74,22.14,20.1,605,228,13,67.4,58.4
"2024-02-14T20:53:30.000Z",75,22.14,20.07,605,228,11,67.4,59.3
"2024-02-14T20:53:20.000Z",75,22.15,19.96,604,218,11,67.4,58
"2024-02-14T20:53:10.000Z",76,22.15,20,605,217,5,67.4,57
"2024-02-14T20:53:00.000Z",76,22.17,20,605,226,8,67.4,57
"2024-02-14T20:52:50.000Z",76,22.21,19.97,606,235,7,67.5,56.8
"2024-02-14T20:52:40.000Z",75,22.25,19.88,606,222,9,67.5,56.9
"2024-02-14T20:52:30.000Z",76,22.28,19.95,605,226,9,67.5,56.4
"2024-02-14T20:52:20.000Z",76,22.22,20.02,605,223,8,67.5,56.5
"2024-02-14T20:52:10.000Z",76,22.25,19.88,605,221,6,67.5,57.8
"2024-02-14T20:52:00.000Z",76,22.2,19.96,605,232,8,67.7,59.1
"2024-02-14T20:51:50.000Z",76,22.24,19.95,605,227,8,67.7,60.7
"2024-02-14T20:51:40.000Z",75,22.25,19.98,604,234,9,67.2,61.6
"2024-02-14T20:51:30.000Z",75,22.25,19.89,602,227,9,67.09,62.6
"2024-02-14T20:51:20.000Z",75,22.28,19.94,601,225,10,65.8,64.8
"2024-02-14T20:51:10.000Z",76,22.27,19.89,600,227,7,64.9,66.2
"2024-02-14T20:51:00.000Z",76,22.32,19.82,599,224,7,65.2,65.4
"2024-02-14T20:50:50.000Z",75,22.41,19.82,598,222,9,64.9,66
"2024-02-14T20:50:39.000Z",76,22.44,19.8,598,223,8,66,65
"2024-02-14T20:50:29.000Z",76,22.38,19.79,598,229,6,66.09,64
"2024-02-14T20:50:19.000Z",76,22.3,19.82,599,219,7,66.09,63.6
"2024-02-14T20:50:09.000Z",75,22.22,19.82,600,215,10,66.4,63.3
"2024-02-14T20:49:59.000Z",76,22.25,19.76,599,215,5,66.2,62.5
"2024-02-14T20:49:49.000Z",74,22.27,19.85,599,221,11,66.7,62.2
"2024-02-14T20:49:39.000Z",75,22.25,19.79,599,223,9,66.59,61
"2024-02-14T20:49:29.000Z",74,22.22,19.82,599,226,14,66.7,60.1
"2024-02-14T20:49:19.000Z",74,22.24,19.82,600,225,11,66.8,60.5
"2024-02-14T20:49:09.000Z",76,22.28,19.79,600,228,6,66.8,59.5
"2024-02-14T20:48:59.000Z",76,22.34,19.8,600,226,8,66.8,60.8
"2024-02-14T20:48:49.000Z",76,22.38,19.64,601,222,5,66.8,59.7
"2024-02-14T20:48:39.000Z",76,22.48,19.7,601,230,8,66.7,58.9
"2024-02-14T20:48:29.000Z",76,22.39,19.68,601,222,8,66.9,59.2
"2024-02-14T20:48:19.000Z",75,22.41,19.72,600,223,10,66.8,60.4
"2024-02-14T20:48:09.000Z",74,22.39,19.75,600,214,12,66.7,61.7
"2024-02-14T20:47:59.000Z",76,22.37,19.77,600,223,5,66.09,61.1
"2024-02-14T20:47:49.000Z",75,22.39,19.72,600,221,9,66.09,61
"2024-02-14T20:47:39.000Z",76,22.37,19.73,600,221,8,66.8,60.9
"2024-02-14T20:47:29.000Z",75,22.32,19.78,599,227,9,66.8,59.9
"2024-02-14T20:47:19.000Z",76,22.35,19.73,600,219,7,66.8,59.8
"2024-02-14T20:47:09.000Z",76,22.38,19.68,601,225,8,66.8,60.4
"2024-02-14T20:46:59.000Z",74,22.38,19.66,601,222,11,66.8,59.2
"2024-02-14T20:46:49.000Z",74,22.48,19.62,602,219,11,66.9,57.8
"2024-02-14T20:46:39.000Z",75,22.55,19.52,603,221,7,66.8,59.3
"2024-02-14T20:46:29.000Z",75,22.66,19.45,603,224,8,66.9,60.7
"2024-02-14T20:46:19.000Z",75,22.75,19.32,604,221,7,66.9,61.1
"2024-02-14T20:46:09.000Z",75,22.75,19.32,605,229,8,66.9,61.5
"2024-02-14T20:45:59.000Z",75,22.73,19.35,605,225,8,66.8,61.2
"2024-02-14T20:45:49.000Z",75,22.68,19.32,606,218,8,66.8,60.9
"2024-02-14T20:45:38.000Z",75,22.79,19.36,606,217,6,66.8,61.1
"2024-02-14T20:45:28.000Z",75,22.72,19.39,606,223,8,66.8,61.7
"2024-02-14T20:45:18.000Z",75,22.7,19.35,606,223,5,66.7,60.4
"2024-02-14T20:45:08.000Z",73,22.68,19.26,607,228,11,66.7,60.1
"2024-02-14T20:44:58.000Z",73,22.7,19.45,606,223,14,66.8,60.7
"2024-02-14T20:44:48.000Z",73,22.7,19.42,606,219,13,66.7,60.8
"2024-02-14T20:44:38.000Z",75,22.7,19.42,606,231,8,66.7,59.5
"2024-02-14T20:44:28.000Z",75,22.72,19.44,606,228,6,66.7,58.6
"2024-02-14T20:44:18.000Z",75,22.7,19.44,606,228,9,66.7,58.3
"2024-02-14T20:44:08.000Z",75,22.69,19.44,606,219,7,66.7,58.8
"2024-02-14T20:43:58.000Z",74,22.72,19.37,605,218,11,66.7,58.5
"2024-02-14T20:43:48.000Z",74,22.7,19.28,606,222,11,66.8,59.5
"2024-02-14T20:43:38.000Z",73,22.72,19.25,605,222,11,66.8,59.4
"2024-02-14T20:43:28.000Z",74,22.66,19.3,605,218,10,66.8,59.4
"2024-02-14T20:43:18.000Z",75,22.66,19.35,605,222,9,67.09,60.7
"2024-02-14T20:43:08.000Z",74,22.68,19.37,605,224,10,66.9,60.7
"2024-02-14T20:42:58.000Z",74,22.68,19.25,605,215,11,66.9,59.9
"2024-02-14T20:42:48.000Z",74,22.69,19.16,606,221,9,67.09,59.9
"2024-02-14T20:42:38.000Z",73,22.7,19.18,608,221,13,67.2,59.4
"2024-02-14T20:42:28.000Z",75,22.68,19.21,609,216,8,67.2,59.8
"2024-02-14T20:42:18.000Z",74,22.69,19.32,607,216,10,67.3,59.4
"2024-02-14T20:42:08.000Z",74,22.68,19.35,607,217,10,67.3,60
"2024-02-14T20:41:58.000Z",74,22.66,19.32,607,218,11,67.3,59.8
"2024-02-14T20:41:48.000Z",74,22.68,19.25,607,218,9,67.5,61.3
"2024-02-14T20:41:38.000Z",73,22.68,19.25,607,219,12,67.5,61.1
"2024-02-14T20:41:28.000Z",73,22.66,19.23,607,218,12,67.8,60.9
"2024-02-14T20:41:18.000Z",74,22.63,19.32,607,222,10,67.8,60.3
"2024-02-14T20:41:08.000Z",75,22.63,19.32,607,222,9,67.8,58.7
"2024-02-14T20:40:58.000Z",74,22.63,19.45,607,213,11,67.9,58.3
"2024-02-14T20:40:48.000Z",74,22.63,19.5,607,220,10,67.9,59.5
"2024-02-14T20:40:38.000Z",74,22.68,19.39,607,215,10,68.3,60.9
"2024-02-14T20:40:27.000Z",74,22.66,19.42,607,217,10,68.3,60.8
"2024-02-14T20:40:17.000Z",74,22.65,19.26,607,216,11,68.3,60.4
"2024-02-14T20:40:07.000Z",74,22.68,19.19,607,214,10,68.5,59.6
"2024-02-14T20:39:57.000Z",73,22.7,19.18,607,219,11,68.59,60.9
"2024-02-14T20:39:47.000Z",74,22.72,19.16,607,226,10,68.3,60
"2024-02-14T20:39:37.000Z",75,22.7,19.27,608,225,7,68.3,58.1
"2024-02-14T20:39:27.000Z",74,22.72,19.23,608,215,9,68.3,58.9
"2024-02-14T20:39:17.000Z",75,22.75,19.23,608,212,8,68.5,59.9
"2024-02-14T20:39:07.000Z",75,22.75,19.27,609,218,7,68.4,58.9
"2024-02-14T20:38:57.000Z",74,22.72,19.2,611,213,9,68.5,58.7
"2024-02-14T20:38:47.000Z",75,22.69,19.19,612,206,8,68.5,59.9
"2024-02-14T20:38:37.000Z",75,22.7,19.16,612,210,7,68.5,59
"2024-02-14T20:38:27.000Z",75,22.75,19.09,613,211,6,68.7,58.8
"2024-02-14T20:38:17.000Z",75,22.78,19.14,614,220,8,68.59,60.9
"2024-02-14T20:38:07.000Z",74,22.83,19.1,616,229,9,68.59,60.1
"2024-02-14T20:37:57.000Z",74,22.83,19.14,617,217,10,68.59,58.7
"2024-02-14T20:37:47.000Z",73,22.83,19.1,617,223,11,68.59,59.9
"2024-02-14T20:37:37.000Z",73,22.78,19.18,618,223,11,68.7,61.2
"2024-02-14T20:37:27.000Z",75,22.72,19.25,620,226,7,68.9,58.9
"2024-02-14T20:37:17.000Z",75,22.73,19.3,620,222,6,68.9,59
"2024-02-14T20:37:07.000Z",75,22.76,19.32,621,220,8,68.9,58.7
"2024-02-14T20:36:57.000Z",74,22.79,19.41,623,224,9,69.09,58
"2024-02-14T20:36:47.000Z",75,22.8,19.42,624,222,7,69,57.9
"2024-02-14T20:36:37.000Z",75,22.8,19.42,624,231,8,68.9,58.7
"2024-02-14T20:36:27.000Z",75,22.85,19.39,626,228,7,68.9,60
"2024-02-14T20:36:17.000Z",73,22.78,19.42,627,229,11,68.9,60.2
"2024-02-14T20:36:07.000Z",74,22.73,19.39,627,219,9,68.9,58.4
"2024-02-14T20:35:57.000Z",75,22.82,19.44,628,228,5,68.9,57.5
"2024-02-14T20:35:47.000Z",75,22.76,19.48,628,228,6,68.9,58
"2024-02-14T20:35:37.000Z",75,22.69,19.57,627,231,6,68.9,58.2
"2024-02-14T20:35:27.000Z",74,22.69,19.71,627,232,11,69,58.7
"2024-02-14T20:35:16.000Z",74,22.62,19.73,627,225,11,69,60.3
"2024-02-14T20:35:06.000Z",75,22.7,19.66,628,236,9,69,58.8
"2024-02-14T20:34:56.000Z",75,22.7,19.63,628,229,5,69.3,58.5
"2024-02-14T20:34:46.000Z",75,22.8,19.48,628,231,7,69,59.4
"2024-02-14T20:34:36.000Z",75,22.83,19.57,627,237,8,69.2,58.6
"2024-02-14T20:34:26.000Z",75,22.85,19.62,627,242,7,69.2,59.7
"2024-02-14T20:34:16.000Z",75,22.8,19.6,628,235,5,69.2,58.9
"2024-02-14T20:34:06.000Z",75,22.83,19.53,628,227,6,69.3,57.2
"2024-02-14T20:33:56.000Z",75,22.85,19.46,628,233,6,69.09,57.6
"2024-02-14T20:33:46.000Z",75,22.82,19.48,628,226,4,69.09,57.9
"2024-02-14T20:33:36.000Z",75,22.78,19.54,627,234,7,69.2,59
"2024-02-14T20:33:26.000Z",75,22.79,19.48,628,232,8,69,59.5
"2024-02-14T20:33:16.000Z",75,22.78,19.48,628,234,6,69.2,59
"2024-02-14T20:33:06.000Z",75,22.73,19.64,630,233,6,69.09,60.3
"2024-02-14T20:32:56.000Z",75,22.69,19.64,630,243,8,69.2,60.5
"2024-02-14T20:32:46.000Z",75,22.73,19.64,630,232,3,69.2,60.1
"2024-02-14T20:32:36.000Z",75,22.69,19.76,629,235,3,69.3,61.5
"2024-02-14T20:32:26.000Z",75,22.62,19.8,628,231,9,69.3,62
"2024-02-14T20:32:16.000Z",75,22.62,19.73,627,224,9,69.5,60.8
"2024-02-14T20:32:06.000Z",75,22.56,19.79,626,230,9,69.3,60.4
"2024-02-14T20:31:56.000Z",74,22.45,19.96,626,228,11,69.3,62
"2024-02-14T20:31:46.000Z",75,22.45,19.93,626,235,9,69.09,62.2
"2024-02-14T20:31:36.000Z",76,22.51,19.88,625,235,7,69,62.7
"2024-02-14T20:31:26.000Z",75,22.56,19.8,626,232,8,69.09,63.8
"2024-02-14T20:31:16.000Z",73,22.59,19.71,626,235,12,69,64.59
"2024-02-14T20:31:06.000Z",75,22.66,19.69,626,238,9,69.09,63.5
"2024-02-14T20:30:56.000Z",75,22.7,19.75,626,230,6,69.09,59.7
"2024-02-14T20:30:46.000Z",75,22.63,19.67,625,232,5,69,58.7
"2024-02-14T20:30:36.000Z",75,22.79,19.67,625,239,6,69.2,58.2
"2024-02-14T20:30:26.000Z",75,22.82,19.64,625,241,5,69.2,58.5
"2024-02-14T20:30:15.000Z",75,22.79,19.68,624,232,6,69.3,57
"2024-02-14T20:30:05.000Z",75,22.78,19.59,623,234,7,69.3,57.6
"2024-02-14T20:29:55.000Z",75,22.75,19.57,624,228,8,69.3,58.2
"2024-02-14T20:29:45.000Z",75,22.79,19.6,625,228,7,69.09,58
"2024-02-14T20:29:35.000Z",75,22.76,19.54,626,220,5,69.5,57.7
"2024-02-14T20:29:25.000Z",75,22.73,19.39,627,227,8,69.5,57.7
"2024-02-14T20:29:15.000Z",74,22.69,19.42,629,233,9,69.5,57.9
"2024-02-14T20:29:05.000Z",74,22.65,19.3,631,235,9,69.59,58.4
"2024-02-14T20:28:55.000Z",75,22.68,19.37,632,225,8,69.7,58.2
"2024-02-14T20:28:45.000Z",75,22.68,19.57,633,234,7,69.7,58
"2024-02-14T20:28:35.000Z",75,22.68,19.82,633,232,6,69.7,58.8
"2024-02-14T20:28:25.000Z",75,22.55,19.89,633,238,7,69.8,58.8
"2024-02-14T20:28:15.000Z",74,22.49,20,633,238,11,70,59.9
"2024-02-14T20:28:05.000Z",74,22.47,19.96,633,243,11,70.2,59.4
"2024-02-14T20:27:55.000Z",75,22.51,19.96,632,242,10,70,60
"2024-02-14T20:27:45.000Z",75,22.56,19.88,632,234,7,70.2,59.2
"2024-02-14T20:27:35.000Z",76,22.68,19.92,633,232,5,70.2,59.6
"2024-02-14T20:27:25.000Z",76,22.68,19.96,633,238,7,70.2,59
"2024-02-14T20:27:15.000Z",76,22.62,19.98,633,232,8,70.2,58.8
"2024-02-14T20:27:05.000Z",76,22.6,19.93,633,233,5,70.2,58.5
"2024-02-14T20:26:55.000Z",76,22.54,20.07,633,222,7,70.4,57.3
"2024-02-14T20:26:45.000Z",76,22.44,20,634,231,7,70.4,57.9
"2024-02-14T20:26:35.000Z",74,22.45,19.89,634,226,12,70.5,59.4
"2024-02-14T20:26:25.000Z",73,22.52,19.88,633,225,13,70.59,57.9
"2024-02-14T20:26:15.000Z",73,22.55,19.76,633,229,16,70.5,58
"2024-02-14T20:26:05.000Z",74,22.66,19.61,633,220,11,70.5,58.7
"2024-02-14T20:25:55.000Z",73,22.78,19.44,633,220,11,70.5,57.8
"2024-02-14T20:25:45.000Z",75,22.82,19.44,634,229,7,70.5,58.4
"2024-02-14T20:25:35.000Z",75,22.85,19.46,635,236,7,70.5,58.7
"2024-02-14T20:25:25.000Z",74,22.85,19.39,636,237,10,70.5,57.9
"2024-02-14T20:25:15.000Z",73,22.8,19.53,638,241,11,68.7,58.3
"2024-02-14T20:25:04.000Z",74,22.82,19.55,639,238,10,69.9,59.4
"2024-02-14T20:24:54.000Z",75,22.8,19.55,639,234,8,69.9,59.2
"2024-02-14T20:24:44.000Z",75,22.78,19.48,640,229,5,69.9,60.7
"2024-02-14T20:24:34.000Z",75,22.75,19.48,641,230,7,69.9,60
"2024-02-14T20:24:24.000Z",74,22.66,19.52,642,230,9,69.7,61
"2024-02-14T20:24:14.000Z",73,22.62,19.48,642,226,11,69.8,60.3
"2024-02-14T20:24:04.000Z",73,22.66,19.54,643,224,13,69.9,59.9
"2024-02-14T20:23:54.000Z",73,22.69,19.45,644,232,12,69.8,58.6
"2024-02-14T20:23:44.000Z",75,22.76,19.54,645,231,7,69.9,58.8
"2024-02-14T20:23:34.000Z",73,22.72,19.53,647,228,11,70.2,59.5
"2024-02-14T20:23:24.000Z",74,22.73,19.48,649,224,10,70,59.9
"2024-02-14T20:23:14.000Z",74,22.7,19.55,650,229,10,70,60.1
"2024-02-14T20:23:04.000Z",73,22.7,19.48,651,227,13,70,60.3
"2024-02-14T20:22:54.000Z",73,22.68,19.54,652,219,11,70.5,60.5
"2024-02-14T20:22:44.000Z",72,22.68,19.55,654,228,14,70.4,60.2
"2024-02-14T20:22:34.000Z",74,22.66,19.64,655,219,10,70.4,60
"2024-02-14T20:22:24.000Z",75,22.65,19.73,655,226,6,70,59.1
"2024-02-14T20:22:14.000Z",74,22.6,19.67,654,221,10,70.2,58.2
"2024-02-14T20:22:04.000Z",73,22.62,19.78,655,223,12,71,58.8
"2024-02-14T20:21:54.000Z",75,22.55,19.88,655,225,8,70.9,59.1
"2024-02-14T20:21:44.000Z",74,22.47,20.14,656,227,12,71.2,58.3
"2024-02-14T20:21:34.000Z",75,22.41,20.07,657,229,10,71.2,58.3
"2024-02-14T20:21:24.000Z",72,22.44,19.87,658,232,16,71,59.4
"2024-02-14T20:21:14.000Z",73,22.44,19.87,659,237,12,80.09,58.8
"2024-02-14T20:21:04.000Z",74,22.47,20,661,234,10,80.09,59.9
"2024-02-14T20:20:54.000Z",75,22.56,19.93,662,233,7,76.09,59.5
"2024-02-14T20:20:44.000Z",74,22.52,20.05,662,243,11,80.09,59.7
"2024-02-14T20:20:34.000Z",76,22.42,20.23,662,237,8,74.59,59.5
"2024-02-14T20:20:24.000Z",76,22.47,20.26,662,236,7,74.7,59.3
"2024-02-14T20:20:14.000Z",76,22.42,20.27,663,241,8,76.5,58.7
"2024-02-14T20:20:03.000Z",74,22.39,20.32,663,240,13,79,58.1
"2024-02-14T20:19:53.000Z",74,22.32,20.47,664,233,12,78.9,58.8
"2024-02-14T20:19:43.000Z",74,22.28,20.51,662,236,15,77.8,58.6
"2024-02-14T20:19:33.000Z",74,22.32,20.42,661,242,12,74.09,58.8
"2024-02-14T20:19:23.000Z",74,22.31,20.39,661,240,11,73.7,59.2
"2024-02-14T20:19:13.000Z",76,22.35,20.41,661,243,7,77.4,58.3
"2024-02-14T20:19:03.000Z",76,22.42,20.29,662,240,7,78.3,57.1
"2024-02-14T20:18:53.000Z",76,22.39,20.29,663,237,7,76.4,56.9
"2024-02-14T20:18:43.000Z",76,22.38,20.35,664,237,6,69.7,57.4
"2024-02-14T20:18:33.000Z",75,22.38,20.37,665,246,9,76.8,57.2
"2024-02-14T20:18:23.000Z",76,22.39,20.29,665,238,8,78,57.8
"2024-02-14T20:18:13.000Z",75,22.41,20.35,664,247,10,79.8,57.7
"2024-02-14T20:18:03.000Z",75,22.47,20.27,663,239,9,80.09,57.2
"2024-02-14T20:17:53.000Z",76,22.52,20.23,662,242,6,80.2,57.6
"2024-02-14T20:17:43.000Z",75,22.58,20.1,661,243,9,80.2,58
"2024-02-14T20:17:33.000Z",75,22.68,19.97,662,241,9,78,57.4
"2024-02-14T20:17:23.000Z",75,22.62,20.01,663,236,8,125.7,58.4
"2024-02-14T20:17:13.000Z",74,22.56,20.16,663,243,10,117,59.9
"2024-02-14T20:17:03.000Z",74,22.49,20.17,664,237,11,112.8,61.9
"2024-02-14T20:16:53.000Z",74,22.52,20.12,664,245,11,108.2,64
"2024-02-14T20:16:43.000Z",75,22.58,20.09,663,237,8,115.1,65.09
"2024-02-14T20:16:33.000Z",74,22.69,19.92,663,238,10,98.8,64.4
"2024-02-14T20:16:23.000Z",73,22.89,19.76,663,236,11,97.3,65.3
"2024-02-14T20:16:13.000Z",75,22.9,19.71,664,231,8,98.8,67.7
"2024-02-14T20:16:03.000Z",75,22.89,19.64,664,244,7,96.9,67
"2024-02-14T20:15:53.000Z",74,22.8,19.67,663,235,10,99.3,65.2
"2024-02-14T20:15:43.000Z",75,22.83,19.57,664,233,6,99.3,65.4
"2024-02-14T20:15:33.000Z",74,22.86,19.55,664,235,10,97.6,62.3
"2024-02-14T20:15:23.000Z",72,22.79,19.48,665,239,16,100.2,63.1
"2024-02-14T20:15:13.000Z",75,22.79,19.61,666,248,7,101.4,64.3
"2024-02-14T20:15:03.000Z",75,22.79,19.73,668,240,8,86.6,64.7
"2024-02-14T20:14:52.000Z",75,22.78,19.73,670,233,8,90.9,65.8
"2024-02-14T20:14:42.000Z",73,22.76,19.64,672,241,12,90.4,66.5
"2024-02-14T20:14:32.000Z",74,22.76,19.57,676,229,9,90.4,67.4
"2024-02-14T20:14:22.000Z",72,22.72,19.57,678,237,16,94.4,66.59
"2024-02-14T20:14:12.000Z",72,22.65,19.61,679,235,16,97.9,67.09
"2024-02-14T20:14:02.000Z",73,22.65,19.61,680,226,12,84.8,66.4
"2024-02-14T20:13:52.000Z",74,22.69,19.61,681,244,8,86.5,64.8
"2024-02-14T20:13:42.000Z",74,22.66,19.64,682,237,9,86.1,64.5
"2024-02-14T20:13:32.000Z",74,22.65,19.76,682,247,9,90.9,65.8
"2024-02-14T20:13:22.000Z",75,22.65,20.14,681,261,9,89,63.5
"2024-02-14T20:13:12.000Z",73,22.56,20.28,681,244,13,85.5,62.9
"2024-02-14T20:13:02.000Z",76,22.48,20.45,682,252,7,89.2,64.3
"2024-02-14T20:12:52.000Z",74,22.38,20.49,682,245,11,100.6,62.9
"2024-02-14T20:12:42.000Z",74,22.37,20.56,681,252,11,101,63
"2024-02-14T20:12:32.000Z",74,22.37,20.47,681,246,13,102.2,65.8
"2024-02-14T20:12:22.000Z",74,22.42,20.44,681,249,11,103.2,65.3
"2024-02-14T20:12:12.000Z",75,22.42,20.41,681,253,10,103.9,64.09
"2024-02-14T20:12:02.000Z",75,22.41,20.32,681,252,7,100.6,64
"2024-02-14T20:11:52.000Z",75,22.42,20.36,680,254,8,98.9,64.8
"2024-02-14T20:11:42.000Z",75,22.45,20.34,680,248,7,99.5,65
"2024-02-14T20:11:32.000Z",73,22.52,20.32,677,252,12,100.2,66.4
"2024-02-14T20:11:22.000Z",74,22.66,20.35,676,261,10,102.8,63.6
"2024-02-14T20:11:12.000Z",75,22.72,20.27,676,257,9,108.2,64
"2024-02-14T20:11:02.000Z",73,22.7,20.32,676,252,15,107.6,64.2
"2024-02-14T20:10:52.000Z",73,22.65,20.27,675,249,12,95.3,63.3
"2024-02-14T20:10:42.000Z",73,22.69,20.1,673,246,15,93.1,61.5
"2024-02-14T20:10:32.000Z",72,22.78,19.96,673,256,19,104.6,61.9
"2024-02-14T20:10:22.000Z",72,22.72,20.01,673,244,19,103.5,64.2
"2024-02-14T20:10:12.000Z",73,22.68,20.13,673,248,16,86.1,63.7
"2024-02-14T20:10:02.000Z",73,22.75,20.07,673,248,15,76.09,61.7
"2024-02-14T20:09:52.000Z",74,22.8,20.19,674,255,11,48.8,60.2
"2024-02-14T20:09:41.000Z",73,22.73,20.05,674,253,13,54.6,61.8
"2024-02-14T20:09:31.000Z",73,22.73,20.05,674,245,12,46.9,62.1
"2024-02-14T20:09:21.000Z",73,22.66,19.98,674,241,14,54.7,61.8
"2024-02-14T20:09:11.000Z",73,22.75,19.92,675,241,13,60.2,65.09
"2024-02-14T20:09:01.000Z",74,22.87,19.77,676,233,10,41.9,66.5
"2024-02-14T20:08:51.000Z",73,22.96,19.43,677,234,11,53.7,63.5
"2024-02-14T20:08:41.000Z",72,22.99,19.39,678,233,15,56.1,61.6
"2024-02-14T20:08:31.000Z",72,22.99,19.42,679,233,15,54.9,61.4
"2024-02-14T20:08:21.000Z",72,22.99,19.5,681,249,15,52.8,61
"2024-02-14T20:08:11.000Z",73,22.93,19.69,682,246,11,52.4,59.8
"2024-02-14T20:08:01.000Z",71,22.95,19.55,682,246,17,53.1,61.7
"2024-02-14T20:07:51.000Z",71,22.95,19.64,681,239,19,49.8,62.1
"2024-02-14T20:07:41.000Z",73,22.97,19.66,680,242,10,49.5,63.2
"2024-02-14T20:07:31.000Z",75,22.95,19.86,680,246,8,57.4,62.5
"2024-02-14T20:07:21.000Z",74,22.86,19.89,681,246,9,57.9,62.8
"2024-02-14T20:07:11.000Z",75,22.93,19.88,681,251,7,57.2,62.3
"2024-02-14T20:07:01.000Z",73,22.91,19.89,681,250,11,55.5,65.8
"2024-02-14T20:06:51.000Z",72,22.87,19.98,681,259,16,53.8,66.59
"2024-02-14T20:06:41.000Z",74,22.87,20.05,681,258,10,50.6,64.5
"2024-02-14T20:06:31.000Z",72,22.8,20.22,681,257,20,52.3,65
"2024-02-14T20:06:21.000Z",72,22.83,19.82,682,244,18,49.9,64.9
"2024-02-14T20:06:11.000Z",72,22.91,19.69,684,236,16,66.9,63.9
"2024-02-14T20:06:01.000Z",72,22.9,19.73,683,242,15,82.8,63.2
"2024-02-14T20:05:51.000Z",73,22.9,20,683,237,13,75.09,63.3
"2024-02-14T20:05:41.000Z",72,22.83,20.02,683,240,15,79.9,64.7
"2024-02-14T20:05:31.000Z",72,22.82,20.05,684,248,18,80.3,63.2
"2024-02-14T20:05:21.000Z",73,22.86,19.98,684,251,11,79.9,60.9
"2024-02-14T20:05:11.000Z",73,22.89,20.02,683,254,14,85.8,63.7
"2024-02-14T20:05:01.000Z",73,22.93,19.98,684,255,12,79.09,64.09
"2024-02-14T20:04:51.000Z",72,22.93,20.07,683,246,16,80.09,64.8
"2024-02-14T20:04:41.000Z",73,22.95,20.14,682,250,13,74.3,63.6
"2024-02-14T20:04:30.000Z",75,22.96,20.04,682,251,8,72.9,61.7
"2024-02-14T20:04:20.000Z",74,22.95,20.07,681,256,9,72.9,62.4
"2024-02-14T20:04:10.000Z",74,22.95,20.09,681,248,11,72.2,61.8
"2024-02-14T20:04:00.000Z",75,22.96,20.07,680,253,7,72.3,62.3
"2024-02-14T20:03:50.000Z",75,22.91,20.02,679,245,8,70.8,62.9
"2024-02-14T20:03:40.000Z",74,22.9,20.02,678,243,10,83.9,64.59
"2024-02-14T20:03:30.000Z",74,22.87,20.03,676,241,10,88.5,63.9
"2024-02-14T20:03:20.000Z",74,22.93,20.07,674,234,10,71.8,64.3
"2024-02-14T20:03:10.000Z",74,22.87,20.05,675,235,11,80.5,65.7
"2024-02-14T20:03:00.000Z",73,22.83,19.94,675,233,15,84.4,63.9
"2024-02-14T20:02:50.000Z",72,22.89,19.69,675,237,14,101.3,63
"2024-02-14T20:02:40.000Z",71,22.86,19.67,675,233,19,101.3,63.6
"2024-02-14T20:02:30.000Z",71,22.87,19.62,673,231,20,92.9,62.4
"2024-02-14T20:02:20.000Z",71,22.89,19.64,672,234,20,96.4,62.6
"2024-02-14T20:02:10.000Z",72,22.9,19.72,671,238,15,99.8,63
"2024-02-14T20:02:00.000Z",73,22.91,19.72,670,246,12,100.1,62.4
"2024-02-14T20:01:50.000Z",72,22.9,19.72,670,243,13,102.7,62.6
"2024-02-14T20:01:40.000Z",73,22.91,19.78,669,242,13,99.8,63.6
"2024-02-14T20:01:30.000Z",73,22.93,19.8,667,241,14,100.3,60.2
"2024-02-14T20:01:20.000Z",72,22.93,19.72,664,240,18,102.2,60.8
"2024-02-14T20:01:10.000Z",72,22.96,19.67,663,236,16,104.9,61.3
"2024-02-14T20:01:00.000Z",72,22.95,19.66,662,242,16,102,60.7
"2024-02-14T20:00:50.000Z",75,22.95,19.73,661,246,8,105,61.3
"2024-02-14T20:00:40.000Z",73,22.9,19.72,660,239,11,97.6,60.1
"2024-02-14T20:00:30.000Z",72,22.91,19.8,659,248,15,97.8,60.9
"2024-02-14T20:00:20.000Z",73,22.93,19.86,658,245,12,99.5,62.3
"2024-02-14T20:00:10.000Z",74,22.95,19.91,656,246,10,100,64.59
"2024-02-14T20:00:00.000Z",72,22.93,19.82,656,241,16,92.2,64.3
"2024-02-14T19:59:50.000Z",73,22.9,19.82,655,241,13,98.9,63.2
"2024-02-14T19:59:40.000Z",75,22.97,19.85,655,247,5,91,64.2
"2024-02-14T19:59:29.000Z",75,22.93,19.8,654,236,7,90.4,65.59
"2024-02-14T19:59:19.000Z",73,22.91,19.73,654,240,13,87.9,64.4
"2024-02-14T19:59:09.000Z",73,22.89,19.71,652,234,11,78.5,65.09
"2024-02-14T19:58:59.000Z",73,22.89,19.64,650,236,13,72.2,64.9
"2024-02-14T19:58:49.000Z",72,22.91,19.55,649,242,15,74.8,65.2
"2024-02-14T19:58:39.000Z",73,22.9,19.59,649,241,12,52.9,65.7
"2024-02-14T19:58:29.000Z",74,22.97,19.63,648,236,9,44.3,65.4
"2024-02-14T19:58:19.000Z",74,22.96,19.67,647,239,10,41.3,64.2
"2024-02-14T19:58:09.000Z",74,22.95,19.66,646,242,9,62.4,63
"2024-02-14T19:57:59.000Z",74,22.87,19.67,645,236,10,58.5,62.8
"2024-02-14T19:57:49.000Z",74,22.9,19.72,645,243,9,59.3,64.4
"2024-02-14T19:57:39.000Z",75,22.93,19.57,645,240,7,61.2,64.8
"2024-02-14T19:57:29.000Z",74,22.97,19.36,645,235,9,66.7,64.59
"2024-02-14T19:57:19.000Z",74,22.96,19.3,645,239,9,69.7,66.4
"2024-02-14T19:57:09.000Z",73,22.95,19.48,645,229,11,63.4,66.4
"2024-02-14T19:56:59.000Z",75,22.89,19.71,645,234,7,53.7,65.9
"2024-02-14T19:56:49.000Z",75,22.95,19.47,644,239,8,76.5,65
"2024-02-14T19:56:39.000Z",72,22.93,19.36,645,235,14,68.5,64.4
"2024-02-14T19:56:29.000Z",72,22.93,19.36,645,234,14,71.59,63.9
"2024-02-14T19:56:19.000Z",75,22.93,19.43,643,230,8,81.7,63.8
"2024-02-14T19:56:09.000Z",75,22.93,19.55,643,241,8,85.1,64
"2024-02-14T19:55:59.000Z",75,22.86,19.63,643,242,6,83.4,64.2
"2024-02-14T19:55:49.000Z",75,22.91,19.62,643,238,7,82.3,63.5
"2024-02-14T19:55:39.000Z",74,22.91,19.67,643,232,10,78.59,64.2
"2024-02-14T19:55:29.000Z",74,22.91,19.51,643,239,10,74.9,63
"2024-02-14T19:55:19.000Z",74,22.91,19.48,644,235,10,74.8,63.7
"2024-02-14T19:55:09.000Z",74,22.96,19.5,645,237,10,76.2,63.4
"2024-02-14T19:54:59.000Z",74,22.99,19.45,646,233,10,70.2,62.7
"2024-02-14T19:54:49.000Z",74,22.91,19.39,648,232,10,73.7,61
"2024-02-14T19:54:39.000Z",74,22.91,19.48,648,230,10,74.59,61.7
"2024-02-14T19:54:29.000Z",73,22.9,19.39,649,240,11,73.5,61.4
"2024-02-14T19:54:18.000Z",75,22.91,19.5,649,242,5,75.09,63.7
"2024-02-14T19:54:08.000Z",74,22.93,19.48,651,244,10,75.3,65.09
"2024-02-14T19:53:58.000Z",73,22.95,19.38,652,238,10,74,65.4
"2024-02-14T19:53:48.000Z",74,22.9,19.3,653,233,5,68.9,63.6
"2024-02-14T19:53:38.000Z",73,22.9,19.48,654,236,11,83.5,62.8
"2024-02-14T19:53:28.000Z",73,22.86,19.51,655,233,12,77.09,63.1
"2024-02-14T19:53:18.000Z",72,22.85,19.51,657,234,15,89,61.7
"2024-02-14T19:53:08.000Z",73,22.86,19.57,658,243,12,81.09,62.1
"2024-02-14T19:52:58.000Z",75,22.85,19.67,660,236,8,79.8,63.2
"2024-02-14T19:52:48.000Z",73,22.83,19.64,661,242,11,77.7,62.4
"2024-02-14T19:52:38.000Z",73,22.82,19.72,662,242,13,87.1,62.6
"2024-02-14T19:52:28.000Z",73,22.78,19.75,663,241,11,80.2,61.7
"2024-02-14T19:52:18.000Z",73,22.79,19.8,663,256,13,79.8,62.5
"2024-02-14T19:52:08.000Z",75,22.75,20.07,664,239,6,80.4,60.7
"2024-02-14T19:51:58.000Z",75,22.75,20.14,663,243,8,80.4,61.6
"2024-02-14T19:51:48.000Z",75,22.72,20.07,661,249,8,80.5,63.1
"2024-02-14T19:51:38.000Z",74,22.59,20.35,659,243,11,78.8,64.5
"2024-02-14T19:51:28.000Z",75,22.51,20.43,660,248,9,84.2,64.9
"2024-02-14T19:51:18.000Z",75,22.49,20.5,658,252,9,82.7,64.5
"2024-02-14T19:51:08.000Z",75,22.48,20.48,656,256,9,80.8,63
"2024-02-14T19:50:58.000Z",76,22.48,20.5,655,248,6,79.09,62.6
"2024-02-14T19:50:48.000Z",76,22.51,20.57,654,251,5,78.3,63.7
"2024-02-14T19:50:38.000Z",75,22.54,20.49,652,247,10,82,63.2
"2024-02-14T19:50:28.000Z",74,22.58,20.39,651,243,14,84.1,62.7
"2024-02-14T19:50:18.000Z",74,22.66,20.28,650,242,12,82.6,63.8
"2024-02-14T19:50:08.000Z",74,22.76,19.93,650,239,10,84.4,65
"2024-02-14T19:49:58.000Z",74,22.87,19.6,650,247,10,83.6,64.4
"2024-02-14T19:49:48.000Z",73,22.89,19.64,651,244,11,83.6,62.9
"2024-02-14T19:49:38.000Z",74,22.87,19.72,652,246,10,91.9,60.8
"2024-02-14T19:49:28.000Z",74,22.9,19.67,653,243,10,91,63.1
"2024-02-14T19:49:17.000Z",75,22.86,19.6,653,242,8,89,61.6
"2024-02-14T19:49:07.000Z",73,22.82,19.6,654,250,11,85.1,61.7
"2024-02-14T19:48:57.000Z",74,22.85,19.77,654,241,9,84.2,63.2
"2024-02-14T19:48:47.000Z",75,22.83,19.73,654,242,7,84.7,63.4
"2024-02-14T19:48:37.000Z",75,22.86,19.88,654,243,9,85.4,63.4
"2024-02-14T19:48:27.000Z",75,22.82,19.98,653,242,8,85.9,61.8
"2024-02-14T19:48:17.000Z",75,22.79,20.05,654,237,5,84.1,61.2
"2024-02-14T19:48:07.000Z",75,22.78,19.86,654,241,9,85.3,64.09
"2024-02-14T19:47:57.000Z",73,22.8,19.67,654,241,12,90.6,64.5
"2024-02-14T19:47:47.000Z",74,22.87,19.5,655,242,10,87.9,63
"2024-02-14T19:47:37.000Z",75,22.95,19.71,657,238,7,79.8,62.1
"2024-02-14T19:47:27.000Z",73,22.89,19.55,658,234,11,76.2,63.5
"2024-02-14T19:47:17.000Z",74,22.87,19.55,659,241,9,74,61.1
"2024-02-14T19:47:07.000Z",74,22.83,19.63,658,240,9,71,62.2
"2024-02-14T19:46:57.000Z",74,22.86,19.73,657,235,9,75.5,63.9
"2024-02-14T19:46:47.000Z",75,22.76,20.01,656,243,5,71.59,63.2
"2024-02-14T19:46:37.000Z",76,22.78,20.2,654,242,6,74.2,62.4
"2024-02-14T19:46:27.000Z",75,22.7,20.22,654,239,9,74.59,62.3
"2024-02-14T19:46:17.000Z",75,22.68,20.22,654,235,9,75.9,61.9
"2024-02-14T19:46:07.000Z",76,22.66,20.27,654,243,8,66.4,62.5
"2024-02-14T19:45:57.000Z",73,22.63,19.98,653,240,14,61,63.9
"2024-02-14T19:45:47.000Z",76,22.6,20.12,654,228,8,67.9,64.2
"2024-02-14T19:45:37.000Z",74,22.68,19.96,654,239,10,72.7,63.5
"2024-02-14T19:45:27.000Z",73,22.83,19.71,655,235,13,70.2,64
"2024-02-14T19:45:17.000Z",73,22.95,19.39,658,239,10,80.2,62.7
"2024-02-14T19:45:07.000Z",74,23,19.37,659,240,9,62.2,60.4
"2024-02-14T19:44:57.000Z",72,22.93,19.41,661,233,14,72.4,60.1
"2024-02-14T19:44:47.000Z",73,22.91,19.57,662,242,11,82.2,62.6
"2024-02-14T19:44:37.000Z",72,22.87,19.5,663,235,13,81,61.9
"2024-02-14T19:44:27.000Z",73,22.9,19.48,664,240,10,90.3,63.3
"2024-02-14T19:44:17.000Z",72,22.93,19.53,665,246,14,79.3,64.59
"2024-02-14T19:44:06.000Z",73,22.91,19.71,665,254,12,73.5,63.6
"2024-02-14T19:43:56.000Z",74,22.85,19.89,665,254,9,78.5,63
"2024-02-14T19:43:46.000Z",73,22.85,19.88,665,244,11,79.8,63.8
"2024-02-14T19:43:36.000Z",74,22.85,19.89,664,247,10,65,64
"2024-02-14T19:43:26.000Z",73,22.87,19.89,662,250,14,61.8,64.5
"2024-02-14T19:43:16.000Z",75,22.91,20.45,658,250,10,70.9,63.8
"2024-02-14T19:43:06.000Z",75,22.89,20.14,657,251,6,47.3,63.4
"2024-02-14T19:42:56.000Z",75,22.89,20.16,655,254,8,71.59,61.7
"2024-02-14T19:42:46.000Z",76,23,20.26,653,249,8,85.2,63.2
"2024-02-14T19:42:36.000Z",74,22.95,20.3,651,245,12,84.6,63.9
"2024-02-14T19:42:26.000Z",75,22.9,20.07,649,248,9,79.7,65.7
"2024-02-14T19:42:16.000Z",76,22.89,20.17,648,245,6,70.2,65.3
"2024-02-14T19:42:06.000Z",76,22.87,20.1,648,239,7,77.8,64.3
"2024-02-14T19:41:56.000Z",75,22.85,20.03,649,242,9,78.4,65.8
"2024-02-14T19:41:46.000Z",75,22.86,19.91,650,238,8,84.2,66.09
"2024-02-14T19:41:36.000Z",75,22.87,19.88,650,242,5,84.9,65.9
"2024-02-14T19:41:26.000Z",75,22.86,19.7,650,237,8,85.5,64.59
"2024-02-14T19:41:16.000Z",74,22.82,19.55,651,236,9,86.9,64.8
"2024-02-14T19:41:06.000Z",73,22.8,19.44,652,235,12,87.8,65.3
"2024-02-14T19:40:56.000Z",74,22.79,19.39,655,241,7,84.9,65
"2024-02-14T19:40:46.000Z",74,22.79,19.53,654,239,10,80.9,63.9
"2024-02-14T19:40:36.000Z",74,22.8,19.61,655,250,10,79.59,63.7
"2024-02-14T19:40:26.000Z",75,22.78,19.84,655,247,5,78.8,64
"2024-02-14T19:40:16.000Z",76,22.78,20.2,654,252,8,85.2,61.6
"2024-02-14T19:40:06.000Z",76,22.62,20.39,653,249,7,82.7,62.5
"2024-02-14T19:39:56.000Z",75,22.65,20.37,653,252,9,76.5,61.4
"2024-02-14T19:39:46.000Z",75,22.68,20.25,652,242,9,79.9,62.8
"2024-02-14T19:39:36.000Z",76,22.72,20.27,651,251,7,85.1,63.9
"2024-02-14T19:39:26.000Z",76,22.69,20.23,651,250,7,82.1,64.3
"2024-02-14T19:39:16.000Z",75,22.79,20.2,651,244,10,86.9,64
"2024-02-14T19:39:06.000Z",75,22.89,20.05,650,246,8,88.8,66.09
"2024-02-14T19:38:55.000Z",73,22.85,19.91,649,252,13,83.3,64.9
"2024-02-14T19:38:45.000Z",75,22.85,19.77,649,250,8,81.7,64.09
"2024-02-14T19:38:35.000Z",73,22.85,19.73,649,249,11,70.5,63.7
"2024-02-14T19:38:25.000Z",73,22.9,19.67,650,248,11,81.59,62.9
"2024-02-14T19:38:15.000Z",75,22.9,19.91,649,246,7,77.8,62.4
"2024-02-14T19:38:05.000Z",75,22.86,19.98,649,248,9,79.5,60.4
"2024-02-14T19:37:55.000Z",72,22.89,19.86,649,248,17,78.5,59.3
"2024-02-14T19:37:45.000Z",73,22.83,19.79,649,246,14,84,59.7
"2024-02-14T19:37:35.000Z",73,22.82,19.84,647,250,12,82,61.5
"2024-02-14T19:37:25.000Z",75,22.86,19.91,646,260,7,79.8,62.4
"2024-02-14T19:37:15.000Z",75,22.85,20.03,645,255,7,76,61.8
"2024-02-14T19:37:05.000Z",74,22.82,19.96,644,255,10,79,62.8
"2024-02-14T19:36:55.000Z",74,22.79,20,642,255,10,77.4,63.6
"2024-02-14T19:36:45.000Z",75,22.86,20.12,640,252,9,75.5,62.9
"2024-02-14T19:36:35.000Z",76,22.82,20.07,639,250,7,78.5,64.4
"2024-02-14T19:36:25.000Z",75,22.8,19.98,637,252,7,74.7,66.3
"2024-02-14T19:36:15.000Z",76,22.9,20.02,636,243,7,73.3,62.2
"2024-02-14T19:36:05.000Z",76,22.96,19.94,634,240,8,76.7,62.9
"2024-02-14T19:35:55.000Z",75,22.9,19.97,633,245,10,76.59,63
"2024-02-14T19:35:45.000Z",74,22.93,19.89,633,245,11,78.2,61.7
"2024-02-14T19:35:35.000Z",73,22.93,19.67,633,243,12,78.8,62.1
"2024-02-14T19:35:25.000Z",74,22.91,19.54,633,243,9,76.5,63.4
"2024-02-14T19:35:15.000Z",75,22.89,19.5,632,238,8,69.59,64.3
"2024-02-14T19:35:05.000Z",73,22.89,19.52,632,239,12,86.7,63.8
"2024-02-14T19:34:55.000Z",75,22.87,19.6,632,238,8,87,62.6
"2024-02-14T19:34:45.000Z",75,22.85,19.43,632,239,8,86.1,62.3
"2024-02-14T19:34:35.000Z",75,22.85,19.39,633,237,8,86.3,62
"2024-02-14T19:34:25.000Z",74,22.85,19.37,634,244,9,86.6,62.8
"2024-02-14T19:34:15.000Z",73,22.82,19.29,634,248,10,86.4,63.5
"2024-02-14T19:34:05.000Z",75,22.79,19.39,637,237,8,79.5,64.2
"2024-02-14T19:33:54.000Z",74,22.78,19.3,638,259,8,79.7,64.59
"2024-02-14T19:33:44.000Z",75,22.83,19.57,639,253,7,80.2,63.6
"2024-02-14T19:33:34.000Z",75,22.82,19.88,637,250,6,79.59,62.5
"2024-02-14T19:33:24.000Z",76,22.75,20.25,635,247,7,78.59,62.9
"2024-02-14T19:33:14.000Z",75,22.69,20.35,634,255,9,79.2,62.8
"2024-02-14T19:33:04.000Z",76,22.62,20.42,634,256,9,81.5,62.5
"2024-02-14T19:32:54.000Z",75,22.59,20.49,632,260,10,81,63.4
"2024-02-14T19:32:44.000Z",76,22.59,20.42,630,255,7,81.59,63.8
"2024-02-14T19:32:34.000Z",76,22.6,20.35,627,255,6,80.5,63.5
"2024-02-14T19:32:24.000Z",76,22.65,20.27,625,256,8,81.09,63.8
"2024-02-14T19:32:14.000Z",76,22.66,20.21,624,251,7,79.9,61
"2024-02-14T19:32:04.000Z",75,22.7,20.13,622,245,10,81.5,62.7
"2024-02-14T19:31:54.000Z",74,22.85,20.07,621,248,13,81.59,60.7
"2024-02-14T19:31:44.000Z",75,22.89,19.85,620,243,8,81.4,62.4
"2024-02-14T19:31:34.000Z",75,22.95,19.64,620,228,7,56.1,62.5
"2024-02-14T19:31:24.000Z",75,22.91,19.6,620,244,6,58.2,61
"2024-02-14T19:31:14.000Z",73,22.9,19.48,621,236,12,74.3,61.9
"2024-02-14T19:31:04.000Z",73,22.89,19.32,621,241,12,76.2,62
"2024-02-14T19:30:54.000Z",72,22.9,19.38,621,234,14,72.7,63.3
"2024-02-14T19:30:44.000Z",74,22.89,19.43,621,242,10,72.7,63.2
"2024-02-14T19:30:34.000Z",73,22.87,19.46,620,242,11,69.3,63.3
"2024-02-14T19:30:24.000Z",75,22.87,19.45,619,238,7,70.4,64.4
"2024-02-14T19:30:14.000Z",75,22.87,19.53,619,232,8,65.5,65.4
"2024-02-14T19:30:04.000Z",74,22.87,19.51,619,244,10,62.9,65.5
"2024-02-14T19:29:54.000Z",72,22.82,19.57,618,241,16,74.09,62.6
"2024-02-14T19:29:44.000Z",74,22.79,19.55,618,238,10,69.9,61.9
"2024-02-14T19:29:34.000Z",74,22.78,19.59,617,241,10,68.09,60.5
"2024-02-14T19:29:24.000Z",75,22.78,19.59,616,237,9,67.4,59.2
"2024-02-14T19:29:14.000Z",75,22.87,19.51,615,244,7,71,59.6
"2024-02-14T19:29:04.000Z",73,22.93,19.41,615,238,12,69.8,59.4
"2024-02-14T19:28:54.000Z",72,22.97,19.39,614,235,16,73.5,59.7
"2024-02-14T19:28:43.000Z",73,22.97,19.36,614,233,12,74.2,60.9
"2024-02-14T19:28:33.000Z",73,22.96,19.38,615,239,11,83.8,60.1
"2024-02-14T19:28:23.000Z",74,22.93,19.38,615,234,10,84.4,58.9
"2024-02-14T19:28:13.000Z",75,22.97,19.5,614,235,9,83.9,60.1
"2024-02-14T19:28:03.000Z",75,23,19.61,613,236,8,83.4,60.2
"2024-02-14T19:27:53.000Z",75,22.95,19.62,613,242,7,84.2,59.6
"2024-02-14T19:27:43.000Z",75,22.97,19.52,613,229,7,84.5,60.3
"2024-02-14T19:27:33.000Z",75,22.99,19.32,614,227,7,84.1,60.9
"2024-02-14T19:27:23.000Z",74,22.93,19.3,615,222,9,84.2,60.3
"2024-02-14T19:27:13.000Z",75,22.95,19.28,615,228,8,83.4,59.8
"2024-02-14T19:27:03.000Z",75,22.9,19.3,617,227,8,83.3,58.2
"2024-02-14T19:26:53.000Z",73,22.91,19.2,619,234,11,85.3,57.6
"2024-02-14T19:26:43.000Z",75,22.9,19.26,621,223,7,85.1,58.6
"2024-02-14T19:26:33.000Z",75,22.89,19.26,624,227,6,84.5,59.8
"2024-02-14T19:26:23.000Z",75,22.95,19.26,626,229,8,81,60.1
"2024-02-14T19:26:13.000Z",73,22.91,19.19,628,229,10,75.4,59.8
"2024-02-14T19:26:03.000Z",75,22.93,19.26,630,223,8,82.3,59.4
"2024-02-14T19:25:53.000Z",73,22.93,19.17,631,232,10,84.1,59.7
"2024-02-14T19:25:43.000Z",74,22.95,19.3,633,225,9,83.6,58.4
"2024-02-14T19:25:33.000Z",74,22.93,19.38,634,231,9,84.2,57.9
"2024-02-14T19:25:23.000Z",74,22.91,19.39,635,230,9,84.1,57.6
"2024-02-14T19:25:13.000Z",73,22.9,19.45,635,233,12,84.5,58.1
"2024-02-14T19:25:03.000Z",73,22.95,19.45,635,232,12,86.4,58.5
"2024-02-14T19:24:53.000Z",74,22.91,19.48,635,235,9,73.5,57.5
"2024-02-14T19:24:43.000Z",75,22.91,19.55,634,243,7,76.59,58.4
"2024-02-14T19:24:33.000Z",75,22.96,19.59,633,243,6,82,57.6
"2024-02-14T19:24:23.000Z",75,22.97,19.85,633,242,9,82.9,58.4
"2024-02-14T19:24:13.000Z",75,22.9,19.8,633,234,6,85.3,58.8
"2024-02-14T19:24:03.000Z",75,22.91,19.67,634,232,8,81.3,58.9
"2024-02-14T19:23:53.000Z",75,22.89,19.6,635,229,7,83.5,57.7
"2024-02-14T19:23:42.000Z",75,22.87,19.55,637,218,4,82.9,58.2
"2024-02-14T19:23:32.000Z",75,22.86,19.53,639,212,7,82.8,58.1
"2024-02-14T19:23:22.000Z",74,22.87,19.55,642,219,10,82.6,56.3
"2024-02-14T19:23:12.000Z",75,22.82,19.57,643,218,7,82.3,57
"2024-02-14T19:23:02.000Z",75,22.85,19.48,644,218,7,82.2,57.3
"2024-02-14T19:22:52.000Z",73,22.83,19.5,646,221,12,80.2,57.8
"2024-02-14T19:22:42.000Z",73,22.9,19.59,646,231,11,80.9,56.9
"2024-02-14T19:22:32.000Z",74,22.87,19.63,646,217,10,85.8,56.9
"2024-02-14T19:22:22.000Z",75,22.87,19.64,646,219,6,81,57.6
"2024-02-14T19:22:12.000Z",75,22.9,19.78,646,220,8,81.8,58
"2024-02-14T19:22:02.000Z",75,22.91,19.84,646,223,6,92.2,58.5
"2024-02-14T19:21:52.000Z",75,22.95,19.73,646,220,8,90.2,59.3
"2024-02-14T19:21:42.000Z",73,22.95,19.57,648,216,12,74.2,58.7
"2024-02-14T19:21:32.000Z",74,22.95,19.54,650,216,9,87,58.1
"2024-02-14T19:21:22.000Z",73,22.91,19.45,652,225,11,87.2,57.8
"2024-02-14T19:21:12.000Z",73,22.89,19.36,654,217,12,87.2,56.6
"2024-02-14T19:21:02.000Z",75,22.91,19.43,656,223,5,87,56
"2024-02-14T19:20:52.000Z",74,22.95,19.5,657,218,10,86,56.2
"2024-02-14T19:20:42.000Z",72,22.97,19.43,659,230,13,87.9,57
"2024-02-14T19:20:32.000Z",73,22.93,19.53,659,225,13,87.9,57.5
"2024-02-14T19:20:22.000Z",74,22.93,19.62,660,225,10,86.9,56.1
"2024-02-14T19:20:12.000Z",74,22.95,19.66,660,221,9,85.3,57
"2024-02-14T19:20:02.000Z",74,22.93,19.64,661,225,9,85.8,58.6
"2024-02-14T19:19:52.000Z",74,22.99,19.63,663,226,10,84.8,59.1
"2024-02-14T19:19:42.000Z",75,22.93,19.6,666,229,8,84.2,58.5
"2024-02-14T19:19:32.000Z",75,22.9,19.71,668,239,6,84.2,59
"2024-02-14T19:19:21.000Z",75,22.82,20.05,669,249,8,83.6,59.6
"2024-02-14T19:19:11.000Z",75,22.83,20.22,669,246,7,83.9,60.5
"2024-02-14T19:19:01.000Z",76,22.82,20.41,668,243,5,84.4,60.8
"2024-02-14T19:18:51.000Z",76,22.75,20.48,667,251,6,83.6,58.9
"2024-02-14T19:18:41.000Z",75,22.73,20.58,666,247,10,85.7,58.6
"2024-02-14T19:18:31.000Z",76,22.72,20.56,664,248,8,85.9,58.9
"2024-02-14T19:18:21.000Z",76,22.72,20.51,661,240,9,84.2,59.2
"2024-02-14T19:18:11.000Z",73,22.8,20.46,660,247,15,86.7,59.6
"2024-02-14T19:18:01.000Z",74,22.79,20.43,659,243,12,85.5,59.4
"2024-02-14T19:17:51.000Z",75,22.8,20.36,658,236,10,86.1,58.1
"2024-02-14T19:17:41.000Z",75,22.85,20.21,658,240,9,86,58
"2024-02-14T19:17:31.000Z",75,22.95,20,660,235,9,85.9,57.3
"2024-02-14T19:17:21.000Z",73,22.95,19.93,662,233,13,86.1,58.9
"2024-02-14T19:17:11.000Z",74,22.93,19.88,663,239,11,86.3,58.8
"2024-02-14T19:17:01.000Z",74,22.91,19.86,664,239,11,81.7,59.3
"2024-02-14T19:16:51.000Z",75,22.9,19.95,664,249,7,76.8,60.5
"2024-02-14T19:12:10.000Z",72,22.82,19.63,667,230,15,75.09,65.9
"2024-02-14T18:58:27.000Z",73,22.9,19.78,633,229,14,84.2,62
"2024-02-14T18:58:17.000Z",73,22.93,19.78,633,224,14,89.5,63.6
"2024-02-14T18:53:57.000Z",76,22.79,20.12,616,236,9,78.9,64.09
"2024-02-14T18:52:46.000Z",76,22.78,20.03,613,243,7,74.09,66.3
"2024-02-14T18:51:16.000Z",76,22.69,20.18,598,234,4,86.3,58.6
"2024-02-14T18:51:06.000Z",76,22.68,20.07,598,233,7,82.9,59.7
"2024-02-14T18:50:46.000Z",76,22.66,19.92,598,232,5,87.7,59
"2024-02-14T18:50:26.000Z",77,22.58,20.37,595,243,3,87.5,57.3
"2024-02-14T18:50:16.000Z",77,22.55,20.61,594,244,4,87.5,58
"2024-02-14T18:50:06.000Z",78,22.47,20.83,591,243,5,87.6,56.6
"2024-02-14T18:49:56.000Z",78,22.39,20.79,589,234,8,87.5,57.9
"2024-02-14T18:49:46.000Z",78,22.39,20.86,587,231,4,79.9,59.4
"2024-02-14T18:49:36.000Z",78,22.41,20.79,586,238,8,78.5,61.7
"2024-02-14T18:49:26.000Z",78,22.39,20.72,583,227,6,87.9,63.2
"2024-02-14T18:49:16.000Z",78,22.47,20.72,580,217,8,75.7,63.5
"2024-02-14T18:49:06.000Z",78,22.52,20.6,578,225,6,78.4,62.2
"2024-02-14T18:48:56.000Z",77,22.65,20.27,578,213,4,91.9,59.9
"2024-02-14T18:48:35.000Z",76,22.75,19.73,578,211,4,97.8,59.8
"2024-02-14T18:48:05.000Z",76,22.68,19.63,583,218,7,97.2,60.5
"2024-02-14T18:47:45.000Z",76,22.65,19.52,585,221,7,98.8,58.8
"2024-02-14T18:47:35.000Z",76,22.72,19.57,585,224,7,86.7,58.2
"2024-02-14T18:47:15.000Z",76,22.76,19.82,582,228,5,89.7,58.2
"2024-02-14T18:47:05.000Z",77,22.76,20.17,582,223,6,92.7,57.5
"2024-02-14T18:46:55.000Z",76,22.72,19.84,583,218,2,92.1,57.9
"2024-02-14T18:46:45.000Z",76,22.73,19.55,585,214,4,89.7,58
"2024-02-14T18:46:35.000Z",76,22.75,19.67,585,210,6,90.6,59.7
"2024-02-14T18:46:25.000Z",77,22.69,19.85,585,207,4,91.7,60.5
"2024-02-14T18:46:15.000Z",76,22.68,19.8,586,216,5,91.9,59.2
"2024-02-14T18:46:05.000Z",76,22.65,19.8,587,210,6,80.2,57.9
"2024-02-14T18:45:55.000Z",76,22.56,19.67,589,208,7,91.6,57.7
"2024-02-14T18:45:45.000Z",76,22.56,19.69,590,218,4,92.3,58.2
"2024-02-14T18:45:35.000Z",76,22.56,19.84,591,214,7,90.1,58.3
"2024-02-14T18:45:25.000Z",76,22.58,20.02,592,225,7,89.1,58.2
"2024-02-14T18:45:15.000Z",77,22.44,20.17,592,215,6,88.6,58.1
"2024-02-14T18:45:05.000Z",77,22.51,20.14,592,225,4,86.9,57.3
"2024-02-14T18:44:55.000Z",77,22.56,20.23,593,220,4,89,57.2
"2024-02-14T18:44:45.000Z",76,22.45,20.29,594,213,10,85.9,58.3
"2024-02-14T18:44:35.000Z",77,22.41,20.32,592,220,8,93.8,58.4
"2024-02-14T18:44:25.000Z",75,22.42,20.38,591,224,11,94.8,58.6
"2024-02-14T18:44:15.000Z",76,22.42,20.46,590,220,11,94.4,57.6
"2024-02-14T18:44:05.000Z",77,22.45,20.36,589,220,7,93.8,58.8
"2024-02-14T18:43:55.000Z",76,22.58,19.93,589,223,5,93.4,59.8
"2024-02-14T18:43:45.000Z",76,22.62,19.57,590,214,5,72.2,59.1
"2024-02-14T18:43:35.000Z",75,22.66,19.69,590,220,10,96.9,58.7
"2024-02-14T18:43:24.000Z",76,22.68,19.8,591,212,8,95.9,58.8
"2024-02-14T18:43:14.000Z",76,22.68,19.8,592,217,8,92.9,58.8
"2024-02-14T18:43:04.000Z",76,22.63,19.76,593,211,9,82.7,58.7
"2024-02-14T18:42:54.000Z",76,22.62,19.73,595,213,8,81.3,58.9
"2024-02-14T18:42:44.000Z",76,22.55,19.84,597,212,9,86.3,59.1
"2024-02-14T18:42:34.000Z",75,22.49,20,598,223,11,97.3,58.7
"2024-02-14T18:42:24.000Z",75,22.48,20.05,599,222,10,97.3,57.4
"2024-02-14T18:42:14.000Z",76,22.47,20.03,599,225,9,96.7,58.1
"2024-02-14T18:42:04.000Z",77,22.52,20.52,596,222,7,93.1,60.4
"2024-02-14T18:41:54.000Z",77,22.56,21.11,593,222,11,94.8,61.4
"2024-02-14T18:41:44.000Z",75,22.56,20.74,592,215,13,108.7,61.2
"2024-02-14T18:41:24.000Z",75,22.66,19.87,595,213,10,101.9,62.2
"2024-02-14T18:41:14.000Z",76,22.82,19.63,597,209,7,100.3,64.5
"2024-02-14T18:41:04.000Z",76,22.8,19.61,600,209,7,103.9,63.9
"2024-02-14T18:40:54.000Z",76,22.8,19.53,603,210,5,105.3,61.7
"2024-02-14T18:40:44.000Z",76,22.82,19.7,606,212,4,105.2,60.8
"2024-02-14T18:40:34.000Z",76,22.79,19.77,609,215,2,104.9,59.9
"2024-02-14T18:40:24.000Z",76,22.79,19.7,611,213,4,105.5,58.3
"2024-02-14T18:40:14.000Z",76,22.83,19.8,612,206,7,105.7,58.2
"2024-02-14T18:40:04.000Z",76,22.8,19.98,613,215,5,105,57.8
"2024-02-14T18:39:54.000Z",76,22.83,19.93,613,221,5,104.1,56.7
"2024-02-14T18:39:44.000Z",76,22.83,19.91,614,213,7,105.6,57.9
"2024-02-14T18:39:34.000Z",76,22.78,19.89,615,204,7,103.2,58.9
"2024-02-14T18:39:24.000Z",76,22.76,19.89,618,209,7,105.5,57.3
"2024-02-14T18:39:14.000Z",76,22.8,19.82,620,213,8,104.1,58.1
"2024-02-14T18:39:04.000Z",75,22.75,19.8,622,215,9,103.4,57
"2024-02-14T18:38:54.000Z",75,22.79,19.73,624,214,10,104,58.3
"2024-02-14T18:38:44.000Z",75,22.76,19.8,626,214,10,102.5,58.9
"2024-02-14T18:38:34.000Z",75,22.73,19.84,628,214,10,105.8,58
"2024-02-14T18:38:23.000Z",76,22.75,19.89,630,216,8,105.9,58.6
"2024-02-14T18:38:13.000Z",75,22.76,19.98,633,211,9,105.3,59.6
"2024-02-14T18:38:03.000Z",76,22.78,20.07,634,222,7,105.7,59.1
"2024-02-14T18:37:53.000Z",76,22.76,20.2,633,224,7,103.1,60.3
"2024-02-14T18:37:43.000Z",76,22.73,20.27,633,215,6,103.1,60
"2024-02-14T18:37:33.000Z",76,22.7,20.41,634,219,6,103.1,60.9
"2024-02-14T18:37:23.000Z",75,22.68,20.39,635,241,11,102.9,61.6
"2024-02-14T18:37:13.000Z",76,22.65,20.51,635,236,9,102.2,58.6
"2024-02-14T18:37:03.000Z",76,22.68,20.37,635,233,9,102.6,58.3
"2024-02-14T18:36:53.000Z",76,22.73,20.34,635,235,6,103.3,59
"2024-02-14T18:36:43.000Z",76,22.68,20.51,634,239,9,101.5,61.2
"2024-02-14T18:36:33.000Z",77,22.59,20.81,634,247,7,98.5,62.4
"2024-02-14T18:36:23.000Z",77,22.49,21.02,632,238,5,102.8,60.8
"2024-02-14T18:36:13.000Z",77,22.41,21.17,631,237,7,105,62.2
"2024-02-14T18:36:03.000Z",78,22.32,21.35,628,235,8,103.3,62.3
"2024-02-14T18:35:53.000Z",78,22.28,21.2,626,232,4,88.4,62.4
"2024-02-14T18:35:43.000Z",78,22.28,21.21,624,239,7,82.3,59
"2024-02-14T18:35:33.000Z",77,22.32,21.17,622,243,9,86.3,58.5
"2024-02-14T18:35:23.000Z",77,22.37,21.1,621,237,7,92.1,57.2
"2024-02-14T18:35:13.000Z",77,22.37,21.06,619,247,5,92.2,56.2
"2024-02-14T18:35:03.000Z",77,22.39,21.05,618,244,6,92,55.6
"2024-02-14T18:34:53.000Z",77,22.48,20.98,617,238,8,91.5,56.3
"2024-02-14T18:34:43.000Z",77,22.48,20.93,615,232,9,90.1,57.1
"2024-02-14T18:34:33.000Z",77,22.44,21.07,613,231,10,86.6,57.3
"2024-02-14T18:34:23.000Z",76,22.49,20.93,611,230,11,87.6,57.2
"2024-02-14T18:34:13.000Z",76,22.58,20.76,610,223,11,86.5,58.5
"2024-02-14T18:34:03.000Z",76,22.56,20.76,609,232,10,85.1,59.8
"2024-02-14T18:33:53.000Z",77,22.63,20.66,606,229,9,84.9,58.8
"2024-02-14T18:33:43.000Z",77,22.62,20.64,604,230,8,75.4,59.3
"2024-02-14T18:33:33.000Z",77,22.63,20.58,602,229,6,76.4,57.5
"2024-02-14T18:33:23.000Z",76,22.56,20.66,599,227,10,72.9,58.5
"2024-02-14T18:33:12.000Z",77,22.51,20.62,597,229,9,87,58.3
"2024-02-14T18:33:02.000Z",76,22.44,20.72,596,219,10,85.8,58.8
"2024-02-14T18:32:52.000Z",76,22.42,20.62,596,225,10,76,59.6
"2024-02-14T18:32:42.000Z",76,22.45,20.38,596,218,9,77.3,59.5
"2024-02-14T18:32:32.000Z",76,22.6,20.07,595,229,6,84.5,59.6
"2024-02-14T18:32:22.000Z",76,22.63,19.98,595,223,8,85.7,60.7
"2024-02-14T18:32:12.000Z",74,22.68,19.7,595,224,11,72.4,62.1
"2024-02-14T18:32:02.000Z",75,22.73,19.68,597,225,9,73.09,63.3
"2024-02-14T18:31:52.000Z",74,22.76,19.73,597,229,12,78.2,61.5
"2024-02-14T18:31:42.000Z",75,22.79,19.91,598,224,11,78.2,61.3
"2024-02-14T18:31:32.000Z",75,22.78,19.92,598,222,11,67.7,61
"2024-02-14T18:31:22.000Z",76,22.73,20.1,598,235,8,80.09,60.7
"2024-02-14T18:31:12.000Z",76,22.73,20.1,598,225,9,81.09,61
"2024-02-14T18:31:02.000Z",76,22.69,20.18,598,223,9,82,60
"2024-02-14T18:30:52.000Z",75,22.63,20.28,597,219,13,81.5,58.9
"2024-02-14T18:30:42.000Z",75,22.56,20.3,596,222,11,80.2,59.7
"2024-02-14T18:30:32.000Z",77,22.54,20.26,595,224,8,81.59,61.2
"2024-02-14T18:30:22.000Z",77,22.56,20.52,595,217,6,82.1,62.8
"2024-02-14T18:30:12.000Z",77,22.6,20.39,595,211,9,92.7,60.6
"2024-02-14T18:30:02.000Z",76,22.75,19.53,596,217,8,93.7,61.3
"2024-02-14T18:29:52.000Z",75,22.82,19.62,596,208,9,98.3,63
"2024-02-14T18:29:42.000Z",76,22.82,19.82,597,211,7,85.3,63.4
"2024-02-14T18:29:32.000Z",76,22.85,19.76,597,218,5,97.3,63.2
"2024-02-14T18:29:22.000Z",76,22.85,19.71,600,201,5,92.9,63.3
"2024-02-14T18:29:12.000Z",75,22.83,19.51,604,212,7,97.3,63.1
"2024-02-14T18:29:02.000Z",75,22.79,19.44,607,215,4,99.1,63.4
"2024-02-14T18:28:52.000Z",76,22.79,19.57,608,212,7,86.4,61.1
"2024-02-14T18:28:42.000Z",74,22.82,19.64,610,205,11,79.5,61
"2024-02-14T18:28:32.000Z",76,22.75,19.63,612,205,8,85.7,62.5
"2024-02-14T18:28:22.000Z",75,22.79,19.67,615,207,9,86.6,61.4
"2024-02-14T18:28:11.000Z",75,22.75,19.59,618,211,6,84.7,60.9
"2024-02-14T18:28:01.000Z",75,22.76,19.67,620,225,9,81.59,60.8
"2024-02-14T18:27:51.000Z",74,22.75,19.89,620,217,13,79.3,61.1
"2024-02-14T18:27:41.000Z",76,22.72,20.04,621,223,8,77.4,58.7
"2024-02-14T18:27:31.000Z",76,22.69,20.18,622,211,7,75.5,58
"2024-02-14T18:27:21.000Z",76,22.68,20.23,624,220,7,78,57.9
"2024-02-14T18:27:11.000Z",76,22.65,20.14,627,214,7,78.9,60
"2024-02-14T18:27:01.000Z",76,22.6,20.02,630,209,5,74.5,61.4
"2024-02-14T18:26:51.000Z",76,22.55,19.86,633,220,7,76.5,59.7
"2024-02-14T18:26:41.000Z",76,22.52,19.98,637,221,7,76.5,59.8
"2024-02-14T18:26:31.000Z",75,22.48,20,640,215,9,79.8,60.5
"2024-02-14T18:26:21.000Z",76,22.54,20.21,643,216,6,84.6,61.1
"2024-02-14T18:26:11.000Z",76,22.51,20.3,646,221,6,85.7,60.5
"2024-02-14T18:26:01.000Z",75,22.49,20.17,648,226,9,84.8,61.3
"2024-02-14T18:25:51.000Z",76,22.47,20.74,648,236,10,85.5,60.5
"2024-02-14T18:25:41.000Z",78,22.42,21.43,647,232,8,85.5,62.4
"2024-02-14T18:25:31.000Z",77,22.39,21.41,645,235,9,91,63
"2024-02-14T18:25:21.000Z",75,22.42,21.27,644,230,13,85.9,63.3
"2024-02-14T18:25:11.000Z",75,22.45,21.15,643,231,14,91.5,62.1
"2024-02-14T18:25:01.000Z",75,22.45,21,642,243,12,95.1,61.4
"2024-02-14T18:24:51.000Z",76,22.47,20.95,641,229,11,88.9,61.1
"2024-02-14T18:24:41.000Z",77,22.48,20.76,642,223,8,98.1,61.3
"2024-02-14T18:24:31.000Z",77,22.56,20.66,641,219,7,99,62.1
"2024-02-14T18:24:21.000Z",76,22.62,20.04,643,223,7,97.1,60.5
"2024-02-14T18:24:11.000Z",76,22.72,20.05,645,216,5,97.8,58.9
"2024-02-14T18:24:01.000Z",75,22.75,19.92,647,235,6,102.6,60.5
"2024-02-14T18:23:51.000Z",75,22.72,19.96,649,243,8,100.9,61.7
"2024-02-14T18:23:41.000Z",76,22.68,20.58,648,239,6,101.9,61.8
"2024-02-14T18:23:31.000Z",75,22.75,20.7,648,245,10,101.9,60.6
"2024-02-14T18:23:21.000Z",77,22.66,20.77,648,239,8,102.8,59.9
"2024-02-14T18:23:10.000Z",77,22.6,20.73,649,241,8,103.8,60.4
"2024-02-14T18:23:00.000Z",76,22.65,20.61,649,243,5,103.4,61.2
"2024-02-14T18:22:50.000Z",76,22.69,20.64,649,237,5,103.4,58.7
"2024-02-14T18:22:40.000Z",76,22.69,20.68,649,241,9,100.9,57.8
"2024-02-14T18:22:30.000Z",77,22.68,20.75,650,235,6,104.1,57
"2024-02-14T18:22:20.000Z",77,22.63,20.73,651,242,7,102.8,59.3
"2024-02-14T18:22:10.000Z",77,22.6,20.83,651,231,4,100.9,61.1
"2024-02-14T18:22:00.000Z",77,22.54,20.83,649,237,5,101.6,60.6
"2024-02-14T18:21:50.000Z",77,22.41,21.17,650,238,9,98.1,61
"2024-02-14T18:21:40.000Z",77,22.38,21.18,650,239,6,98.2,62.6
"2024-02-14T18:21:30.000Z",77,22.41,21.1,648,245,7,99,61.5
"2024-02-14T18:21:20.000Z",77,22.45,21.24,646,246,8,100.6,59.6
"2024-02-14T18:21:10.000Z",77,22.48,21.22,644,240,8,101.8,59.1
"2024-02-14T18:21:00.000Z",77,22.48,21.09,642,240,6,98.8,60.5
"2024-02-14T18:20:50.000Z",77,22.55,20.95,641,253,8,97.8,60.1
"2024-02-14T18:20:40.000Z",77,22.75,21.06,639,249,7,96.5,61.3
"2024-02-14T18:20:30.000Z",77,22.79,21.24,637,240,6,95.2,63
"2024-02-14T18:20:20.000Z",78,22.7,21.32,634,235,6,96.3,63.8
"2024-02-14T18:20:10.000Z",78,22.62,21.38,631,235,7,96.5,65.59
"2024-02-14T18:20:00.000Z",77,22.49,21.21,631,232,10,91.4,63.4
"2024-02-14T18:19:50.000Z",77,22.52,20.78,631,222,9,92.8,62.7
"2024-02-14T18:19:40.000Z",76,22.6,20.37,631,235,7,84.6,63.4
"2024-02-14T18:19:30.000Z",76,22.7,20.72,631,246,9,81.09,63.3
"2024-02-14T18:19:20.000Z",77,22.59,20.92,629,236,6,77.2,63.4
"2024-02-14T18:19:10.000Z",77,22.52,20.95,629,228,7,80.09,62.5
"2024-02-14T18:19:00.000Z",77,22.51,20.9,629,223,7,80.2,59.3
"2024-02-14T18:18:50.000Z",76,22.45,20.79,628,226,10,82.2,60.8
"2024-02-14T18:18:40.000Z",76,22.48,20.79,627,231,11,77.4,61
"2024-02-14T18:18:30.000Z",75,22.56,20.62,626,230,12,77.9,60.6
"2024-02-14T18:18:20.000Z",77,22.69,20.39,625,218,8,76.5,61
"2024-02-14T18:18:10.000Z",76,22.85,20.14,626,227,9,82.6,58.6
"2024-02-14T18:17:59.000Z",74,22.86,19.98,627,222,11,85.2,59.1
"2024-02-14T18:17:49.000Z",75,22.78,19.98,629,230,9,82.9,60.4
"2024-02-14T18:17:39.000Z",76,22.76,20.11,629,221,7,83.4,60.4
"2024-02-14T18:17:29.000Z",75,22.76,20.03,630,223,9,74.09,60.8
"2024-02-14T18:17:19.000Z",76,22.78,20.11,630,228,7,73.4,60.1
"2024-02-14T18:17:09.000Z",75,22.73,20.18,631,232,11,74.5,60.3
"2024-02-14T18:16:59.000Z",74,22.7,20.23,631,229,12,72.3,60
"2024-02-14T18:16:49.000Z",76,22.8,20.12,632,223,8,80.4,61.3
"2024-02-14T18:16:39.000Z",73,22.79,20.07,632,233,14,80.2,61.9
"2024-02-14T18:16:29.000Z",75,22.7,20.23,633,227,10,79.3,63.1
"2024-02-14T18:16:19.000Z",76,22.72,20.51,633,234,7,77.8,64
"2024-02-14T18:16:09.000Z",76,22.7,20.25,635,230,9,80.2,62
"2024-02-14T18:15:59.000Z",76,22.72,20.05,636,233,8,80.9,63.2
"2024-02-14T18:15:49.000Z",76,22.75,20.1,639,230,8,79.3,61.6
"2024-02-14T18:15:39.000Z",76,22.73,20.44,641,243,6,83.3,61
"2024-02-14T18:15:29.000Z",76,22.73,20.6,641,239,6,77.2,59.9
"2024-02-14T18:15:19.000Z",76,22.7,20.46,641,241,6,75.9,62
"2024-02-14T18:15:09.000Z",76,22.68,20.71,640,252,9,70.2,61.6
"2024-02-14T18:14:59.000Z",77,22.6,20.81,639,241,7,68.4,63.4
"2024-02-14T18:14:49.000Z",77,22.58,20.97,639,248,7,68,65.09
"2024-02-14T18:14:39.000Z",77,22.44,21.05,639,235,7,84.5,65.9
"2024-02-14T18:14:29.000Z",75,22.37,21.08,639,244,14,84.6,63
"2024-02-14T18:14:19.000Z",76,22.35,21.2,637,233,10,86.7,62.7
"2024-02-14T18:14:09.000Z",77,22.39,21.1,637,230,9,86.9,61.9
"2024-02-14T18:13:59.000Z",74,22.52,20.3,639,217,13,90,62.7
"2024-02-14T18:13:49.000Z",74,22.56,20.09,642,229,11,82,63.6
"2024-02-14T18:13:39.000Z",75,22.58,20.12,645,232,9,83.5,65.8
"2024-02-14T18:13:29.000Z",75,22.56,20.28,647,231,10,58.5,64.9
"2024-02-14T18:13:19.000Z",76,22.56,20.3,648,242,7,59.3,61.1
"2024-02-14T18:13:09.000Z",76,22.55,20.54,648,224,7,58.6,61.2
"2024-02-14T18:12:59.000Z",76,22.58,20.68,648,231,9,61.2,60.7
"2024-02-14T18:12:48.000Z",77,22.51,20.98,647,240,8,79.7,60.7
"2024-02-14T18:12:38.000Z",78,22.45,21.46,646,241,6,85.2,59.5
"2024-02-14T18:12:28.000Z",78,22.42,21.5,644,243,7,76.5,58
"2024-02-14T18:12:18.000Z",78,22.44,21.46,644,236,7,86.7,58
"2024-02-14T18:12:08.000Z",75,22.41,21.43,642,232,14,82.7,58.4
"2024-02-14T18:11:58.000Z",76,22.49,21.02,642,221,11,83.5,60.3
"2024-02-14T18:11:48.000Z",75,22.59,20.18,643,237,10,81.8,59.8
"2024-02-14T18:11:38.000Z",74,22.59,20.28,643,218,13,84.7,59.2
"2024-02-14T18:11:28.000Z",73,22.54,20.41,644,233,16,82.8,58.4
"2024-02-14T18:11:18.000Z",77,22.49,20.67,642,244,5,84,58.6
"2024-02-14T18:11:08.000Z",77,22.51,21.03,640,241,9,78.3,59.7
"2024-02-14T18:10:58.000Z",77,22.51,21.14,639,246,7,79.8,58.4
"2024-02-14T18:10:48.000Z",77,22.58,21.05,638,239,9,80.3,57.7
"2024-02-14T18:10:38.000Z",75,22.45,21.12,636,235,12,77.9,57.5
"2024-02-14T18:10:28.000Z",76,22.45,21.24,635,240,10,78.59,58.8
"2024-02-14T18:10:18.000Z",76,22.45,21.22,633,238,12,82,60.1
"2024-02-14T18:10:08.000Z",78,22.47,21.17,631,226,8,81.09,59.8
"2024-02-14T18:09:58.000Z",75,22.54,20.9,631,235,13,74.09,59.9
"2024-02-14T18:09:48.000Z",74,22.66,20.39,631,232,12,73,61.4
"2024-02-14T18:09:38.000Z",75,22.69,20.2,632,230,10,74.8,61.1
"2024-02-14T18:09:28.000Z",76,22.73,19.98,633,229,6,78.3,61.6
"2024-02-14T18:09:18.000Z",76,22.72,20.18,634,230,9,87.3,57
"2024-02-14T18:09:08.000Z",74,22.72,20.23,636,233,12,88.2,56.8
"2024-02-14T18:08:58.000Z",74,22.69,20.42,635,230,14,87.9,56.9
"2024-02-14T18:08:48.000Z",75,22.68,20.56,634,242,11,90.2,57.2
"2024-02-14T18:08:38.000Z",77,22.66,20.73,632,240,7,84,59
"2024-02-14T18:08:28.000Z",76,22.65,21.11,629,242,11,84.7,61.1
"2024-02-14T18:08:18.000Z",75,22.62,21.11,627,239,15,80.3,61.7
"2024-02-14T18:08:08.000Z",75,22.73,20.68,626,231,13,75.7,61.3
"2024-02-14T18:07:58.000Z",77,22.78,20.6,625,231,8,93.1,61.3
"2024-02-14T18:07:47.000Z",75,22.8,20.57,623,237,11,95.2,60.5
"2024-02-14T18:07:37.000Z",77,22.79,20.58,622,235,8,99.4,59.8
"2024-02-14T18:07:27.000Z",75,22.78,20.51,620,239,11,77.59,61.2
"2024-02-14T18:07:17.000Z",76,22.82,20.51,620,231,10,68.09,59.6
"2024-02-14T18:07:07.000Z",75,22.85,20.41,620,230,11,78,59.3
"2024-02-14T18:06:57.000Z",75,22.85,20.36,620,233,10,79,60.3
"2024-02-14T18:06:47.000Z",74,22.85,20.23,621,228,12,78.8,59.7
"2024-02-14T18:06:37.000Z",75,22.83,20.19,621,227,11,86.5,59.8
"2024-02-14T18:06:27.000Z",76,22.82,20.17,621,232,7,81.7,61
"2024-02-14T18:06:17.000Z",76,22.79,20.27,621,236,6,81.4,62.1
"2024-02-14T18:06:07.000Z",75,22.75,20.27,621,237,10,91,61.3
"2024-02-14T18:05:57.000Z",75,22.72,20.27,621,230,11,83,62
"2024-02-14T18:05:47.000Z",76,22.72,20.22,621,225,8,85.1,61.6
"2024-02-14T18:05:37.000Z",76,22.79,20.13,622,231,8,94.4,65.3
"2024-02-14T18:05:27.000Z",76,22.78,20.22,622,230,8,85.3,62.8
"2024-02-14T18:05:17.000Z",76,22.73,20.3,622,225,8,81.09,61.4
"2024-02-14T18:05:07.000Z",76,22.78,20.25,623,230,8,92.5,60.8
"2024-02-14T18:04:57.000Z",75,22.76,20.18,622,233,11,91.7,60.9
"2024-02-14T18:04:47.000Z",74,22.76,20.13,623,226,12,93.4,62.4
"2024-02-14T18:04:37.000Z",76,22.78,20.1,623,228,9,79.7,62.1
"2024-02-14T18:04:27.000Z",74,22.8,20.05,624,234,11,82.4,59.8
"2024-02-14T18:04:17.000Z",74,22.78,19.98,625,237,12,79.3,60.7
"2024-02-14T18:04:07.000Z",74,22.75,20.04,626,244,12,75.7,61
"2024-02-14T18:03:57.000Z",75,22.8,20.22,627,238,10,77.3,60.2
"2024-02-14T18:03:47.000Z",74,22.76,20.05,627,230,12,76.2,58.6
"2024-02-14T18:03:37.000Z",76,22.82,20.27,626,252,8,79.09,59
"2024-02-14T18:03:27.000Z",76,22.83,20.45,625,245,7,78.3,59.5
"2024-02-14T18:03:17.000Z",77,22.82,20.63,624,239,5,77.3,60.3
"2024-02-14T18:03:07.000Z",77,22.82,20.53,623,233,7,73.9,60.8
"2024-02-14T18:02:57.000Z",76,22.82,20.48,621,240,9,80.9,59.5
"2024-02-14T18:02:47.000Z",75,22.83,20.27,621,237,10,77.3,59.5
"2024-02-14T18:02:36.000Z",75,22.85,20.07,622,244,10,85.7,58.3
"2024-02-14T18:02:26.000Z",74,22.8,20.12,622,236,11,87.8,57.7
"2024-02-14T18:02:16.000Z",76,22.75,20.16,622,239,9,86.3,58.7
"2024-02-14T18:02:06.000Z",74,22.73,20.27,622,248,12,83.2,58
"2024-02-14T18:01:56.000Z",76,22.78,20.2,622,241,9,73.9,59.5
"2024-02-14T18:01:46.000Z",76,22.8,20.19,621,242,6,71.4,59.7
"2024-02-14T18:01:36.000Z",75,22.8,20.14,620,240,10,79.5,59.4
"2024-02-14T18:01:26.000Z",75,22.83,20.07,620,239,10,78.8,59.3
"2024-02-14T18:01:16.000Z",76,22.82,20.05,620,238,8,78.59,60.1
"2024-02-14T18:01:06.000Z",76,22.86,20.12,620,235,9,75.5,59.3
"2024-02-14T18:00:56.000Z",74,22.8,20.13,620,242,13,77,59.8
"2024-02-14T18:00:46.000Z",74,22.8,20.17,619,240,15,81.09,59.7
"2024-02-14T18:00:36.000Z",76,22.82,20.39,617,245,8,84.1,58.4
"2024-02-14T18:00:26.000Z",77,22.82,20.81,615,240,6,84.7,59.2
"2024-02-14T18:00:16.000Z",77,22.83,20.81,612,235,6,86.1,59.1
"2024-02-14T18:00:06.000Z",77,22.78,20.68,610,222,8,85.2,59.9
"2024-02-14T17:59:56.000Z",77,22.72,20.32,611,231,5,74,60.1
"2024-02-14T17:59:46.000Z",76,22.66,20.27,613,225,8,76.5,59
"2024-02-14T17:59:36.000Z",76,22.63,20.19,614,229,8,97.3,60.3
"2024-02-14T17:59:26.000Z",75,22.65,20.16,615,234,10,86.3,60.4
"2024-02-14T17:59:16.000Z",74,22.68,20.02,614,224,13,79.8,60
"2024-02-14T17:59:06.000Z",74,22.7,19.98,616,233,11,83.3,59.8
"2024-02-14T17:58:56.000Z",75,22.79,20.07,615,234,10,79.5,60.1
"2024-02-14T17:58:46.000Z",76,22.82,20.23,615,227,9,80.9,60.7
"2024-02-14T17:58:36.000Z",76,22.79,20.1,616,229,7,85.5,61.8
"2024-02-14T17:58:26.000Z",75,22.76,20.05,615,222,10,73.09,64
"2024-02-14T17:58:16.000Z",76,22.8,20.14,615,230,9,81.3,64.4
"2024-02-14T17:58:06.000Z",74,22.82,19.98,616,229,11,83.9,64.09
"2024-02-14T17:57:56.000Z",75,22.83,20,617,223,9,82.4,62.8
